"gene;AN;origin;antibiotic"
"beta_lactamase;KU608166.1;feces;AMP"
"beta_lactamase;KU606014.1;feces;AMP"
"beta_lactamase;KU608079.1;feces;AMP"
"beta_lactamase;KU606564.1;feces;AMP"
"beta_lactamase;KU605995.1;feces;AMP"
"beta_lactamase;KU606824.1;feces;AMP"
"beta_lactamase;KU607062.1;feces;AMP"
"beta_lactamase;KU607474.1;feces;AMP"
"beta_lactamase;KU607733.1;feces;AMP"
"beta_lactamase;KU607869.1;feces;AMP"
"beta_lactamase;KU606485.1;feces;AMP"
"beta_lactamase;KU606321.1;feces;AMP"
"beta_lactamase;KU607059.1;feces;AMP"
"beta_lactamase;KU606004.1;feces;AMP"
"beta_lactamase;KU608174.1;feces;AMP"
"beta_lactamase;KU606420.1;feces;AMP"
"beta_lactamase;KU605821.1;feces;AMX"
"beta_lactamase;KU606030.1;feces;AMX"
"beta_lactamase;KU606570.1;feces;AMX"
"beta_lactamase;KU607088.1;feces;AMX"
"beta_lactamase;KU607878.1;feces;AMX"
"beta_lactamase;KU608085.1;feces;AMX"
"beta_lactamase;KU607092.1;feces;AMX"
"beta_lactamase;KU606042.1;feces;AMC"
"beta_lactamase;KU606585.1;feces;AMC"
"beta_lactamase;KU606870.1;feces;AMC"
"beta_lactamase;KU607514.1;feces;AMC"
"beta_lactamase;KU607761.1;feces;AMC"
"beta_lactamase;KU607886.1;feces;AMC"
"beta_lactamase;KU608094.1;feces;AMC"
"beta_lactamase;KU606494.1;feces;AMC"
"beta_lactamase;KU608201.1;feces;AMC"
"beta_lactamase;KU606044.1;feces;AMC"
"beta_lactamase;KU608095.1;feces;AMC"
"beta_lactamase;KU608215.1;feces;AMC"
"beta_lactamase;KU607105.1;feces;ATM"
"beta_lactamase;KU606500.1;feces;ATM"
"cat;KU607141.1;feces;CHL"
"phospholipid_phosphatase;KU607778.1;feces;CST"
"beta_lactamase;KU606067.1;feces;FOX"
"beta_lactamase;KU607568.1;feces;FOX"
"beta_lactamase;KU606526.1;feces;FOX"
"beta_lactamase;KU607160.1;feces;FOX"
"beta_lactamase;KU607561.1;feces;FOX"
"beta_lactamase;KU607182.1;feces;CAZ"
"beta_lactamase;KU608256.1;feces;CAZ"
"beta_lactamase;KU607183.1;feces;CAZ"
"beta_lactamase;KU606886.1;feces;CAZ"
"beta_lactamase;KU607578.1;feces;CAZ"
"beta_lactamase;KU606101.1;feces;PEN"
"beta_lactamase;KU607588.1;feces;PEN"
"beta_lactamase;KU606643.1;feces;PEN"
"beta_lactamase;KU606896.1;feces;PEN"
"beta_lactamase;KU607672.1;feces;PEN"
"beta_lactamase;KU607800.1;feces;PEN"
"beta_lactamase;KU607811.1;feces;PEN"
"beta_lactamase;KU607954.1;feces;PEN"
"beta_lactamase;KU607814.1;feces;PEN"
"beta_lactamase;KU607803.1;feces;PEN"
"beta_lactamase;KU607810.1;feces;PEN"
"beta_lactamase;KU608123.1;feces;PEN"
"beta_lactamase;KU606537.1;feces;PEN"
"beta_lactamase;KU606137.1;feces;PIP"
"beta_lactamase;KU607207.1;feces;PIP"
"beta_lactamase;KU607300.1;feces;PIP"
"beta_lactamase;KU606395.1;feces;PIP"
"beta_lactamase;KU607257.1;feces;PIP"
"beta_lactamase;KU608132.1;feces;PIP"
"beta_lactamase;KU608128.1;feces;PIP"
"16S_rRNA_methyltransferase;KU543800.1;feces;GEN"
"16S_rRNA_methyltransferase;KU544942.1;feces;GEN"
"16S_rRNA_methyltransferase;KU545869.1;feces;GEN"
"16S_rRNA_methyltransferase;KU546020.1;feces;GEN"
"16S_rRNA_methyltransferase;KU546103.1;feces;GEN"
"16S_rRNA_methyltransferase;KU546924.1;feces;GEN"
"16S_rRNA_methyltransferase;KU547273.1;feces;GEN"
"16S_rRNA_methyltransferase;KU548161.1;latrine;GEN"
"16S_rRNA_methyltransferase;KU546700.1;feces;GEN"
"16S_rRNA_methyltransferase;KU546708.1;feces;GEN"
"16S_rRNA_methyltransferase;KU546692.1;feces;GEN"
"16S_rRNA_methyltransferase;KU544310.1;sewage;GEN"
"16S_rRNA_methyltransferase;KU545868.1;feces;GEN"
"16S_rRNA_methyltransferase;KU546929.1;feces;GEN"
"16S_rRNA_methyltransferase;KU548957.1;feces;GEN"
"16S_rRNA_methyltransferase;KU549029.1;feces;GEN"
"16S_rRNA_methyltransferase;KU546690.1;feces;GEN"
"16S_rRNA_methyltransferase;KU545874.1;feces;GEN"
"16S_rRNA_methyltransferase;KU548774.1;feces;GEN"
"16S_rRNA_methyltransferase;KU546698.1;feces;GEN"
"16S_rRNA_methyltransferase;KU547701.1;feces;GEN"
"16S_rRNA_methyltransferase;KU547692.1;feces;GEN"
"16S_rRNA_methyltransferase;KU544321.1;sewage;GEN"
"16S_rRNA_methyltransferase;KU547275.1;feces;GEN"
"16S_rRNA_methyltransferase;KU546019.1;feces;GEN"
"16S_rRNA_methyltransferase;KU546928.1;feces;GEN"
"16S_rRNA_methyltransferase;KU546707.1;feces;GEN"
"16S_rRNA_methyltransferase;KU544725.1;sewage;GEN"
"16S_rRNA_methyltransferase;KF629129.1;feces;GEN"
"16S_rRNA_methyltransferase;KF627609.1;feces;GEN"
"16S_rRNA_methyltransferase;KF627624.1;feces;GEN"
"16S_rRNA_methyltransferase;KF626896.1;feces;GEN"
"16S_rRNA_methyltransferase;KF627218.1;feces;GEN"
"16S_rRNA_methyltransferase;KF629168.1;feces;GEN"
"16S_rRNA_methyltransferase;KF628156.1;feces;GEN"
"16S_rRNA_methyltransferase;KF628129.1;feces;GEN"
"16S_rRNA_methyltransferase;KJ694720_1;soil;GEN"
"16S_rRNA_methyltransferase;KJ693483_1;soil;GEN"
"16S_rRNA_methyltransferase;KJ692599_1;soil;GEN"
"16S_rRNA_methyltransferase;KJ692040_1;soil;GEN"
"16S_rRNA_methyltransferase;KJ692041_1;soil;GEN"
"16S_rRNA_methyltransferase;KJ693001_1;soil;GEN"
"16S_rRNA_methyltransferase;KJ696293_1;soil;GEN"
"16S_rRNA_methyltransferase;KJ691920_1;soil;GEN"
"16S_rRNA_methyltransferase;KJ696062_1;soil;GEN"
"16S_rRNA_methyltransferase;KJ692921_1;soil;GEN"
"AAC;KJ693494_1;soil;GEN"
"AAC;KJ692920_1;soil;GEN"
"AAC;KJ692598_1;soil;GEN"
"AAC;KJ694371_1;soil;GEN"
"AAC;KJ695408_1;soil;GEN"
"AAC;KJ695675_1;soil;GEN"
"AAC;KJ695098_1;soil;GEN"
"AAC;KJ696292_1;soil;GEN"
"AAC;KJ694287_1;soil;GEN"
"AAC;KJ692919_1;soil;GEN"
"AAC;KJ695676_1;soil;GEN"
"AAC;KJ695346_1;soil;GEN"
"AAC;KJ695854_1;soil;GEN"
"AAC;KJ695671_1;soil;GEN"
"AAC;KJ694028_1;soil;GEN"
"AAC;KJ694925_1;soil;GEN"
"AAC;KJ695106_1;soil;GEN"
"AAC;KJ693450_1;soil;GEN"
"AAC;KJ695105_1;soil;GEN"
"AAC;KU547157.1;latrine;GEN"
"AAC;GQ343185.1;feces;SIS"
"AAC;GQ343134.1;feces;GEN"
"AAC;GQ343136.1;feces;GEN"
"AAC;KU544318.1;sewage;GEN"
"AAC;GQ343178.1;feces;SIS"
"AAC;KU547731.1;latrine;GEN"
"AAC;GQ343186.1;feces;SIS"
"AAC;KU544727.1;sewage;GEN"
"AAC;KU548684.1;soil;GEN"
"AAC;KU544329.1;sewage;GEN"
"AAC;KU544346.1;sewage;GEN"
"AAC;KU544723.1;sewage;GEN"
"AAC;KU548683.1;soil;GEN"
"AAC;KU544324.1;sewage;GEN"
"AAC;KU544343.1;sewage;GEN"
"AAC;KU544892.1;feces;GEN"
"AAC;KU546299.1;feces;GEN"
"ANT;KU544724.1;sewage;GEN"
"APH;KJ694954_1;soil;GEN"
"APH;KJ695413_1;soil;GEN"
"APH;KJ694435_1;soil;GEN"
"APH;KJ695257_1;soil;GEN"
"beta_lactamase;GQ343015.1;feces;AMX"
"beta_lactamase;GQ343155.1;feces;PEN"
"beta_lactamase;GQ343008.1;feces;AMX"
"beta_lactamase;GQ343018.1;feces;AMX"
"beta_lactamase;GQ343075.1;feces;CDR"
"beta_lactamase;GQ343071.1;feces;CDR"
"beta_lactamase;GQ343073.1;feces;CDR"
"beta_lactamase;GQ343055.1;feces;CAR"
"beta_lactamase;KU544018.1;sewage;ATM"
"beta_lactamase;KU544208.1;sewage;FOX"
"beta_lactamase;KU544179.1;sewage;FOX"
"beta_lactamase;KU547077.1;latrine;PEN"
"beta_lactamase;KU544497.1;sewage;AMX"
"beta_lactamase;KU544754.1;sewage;PIP"
"beta_lactamase;KU543962.1;sewage;AMX"
"beta_lactamase;KU544486.1;sewage;AMX"
"beta_lactamase;KU543963.1;sewage;AMX"
"beta_lactamase;KU544700.1;sewage;CAZ"
"beta_lactamase;KU547082.1;latrine;PEN"
"beta_lactamase;KU548485.1;soil;PIP"
"beta_lactamase;KU544742.1;sewage;PIP"
"beta_lactamase;KU544403.1;sewage;PIP"
"beta_lactamase;KU545222.1;feces;AMX"
"beta_lactamase;KU546739.1;feces;AMX"
"beta_lactamase;KU548675.1;soil;AMX"
"beta_lactamase;KU548668.1;soil;AMX"
"beta_lactamase;KU543958.1;sewage;AMX"
"beta_lactamase;KU548399.1;soil;AMX"
"beta_lactamase;KU547038.1;latrine;AMX"
"beta_lactamase;KU543923.1;sewage;AMX"
"beta_lactamase;KU545730.1;feces;AMX"
"beta_lactamase;KU543952.1;sewage;AMX"
"beta_lactamase;KU543994.1;sewage;AMX"
"beta_lactamase;KU544569.1;sewage;FEP"
"beta_lactamase;KU544572.1;sewage;FEP"
"beta_lactamase;KU544567.1;sewage;FEP"
"beta_lactamase;KU544705.1;sewage;CAZ"
"beta_lactamase;KU544735.1;sewage;PEN"
"beta_lactamase;KU547076.1;latrine;PEN"
"beta_lactamase;KU544353.1;sewage;PEN"
"beta_lactamase;KU547733.1;latrine;PEN"
"beta_lactamase;KU547735.1;latrine;PEN"
"beta_lactamase;KU544423.1;sewage;PIP"
"beta_lactamase;KU544388.1;sewage;PIP"
"beta_lactamase;KU544405.1;sewage;PIP"
"beta_lactamase;KU544770.1;sewage;PIP"
"beta_lactamase;KU548068.1;latrine;PIP"
"beta_lactamase;KU544434.1;sewage;PIP"
"beta_lactamase;KU544744.1;sewage;PIP"
"beta_lactamase;KU547748.1;latrine;PIP"
"beta_lactamase;KU544365.1;sewage;TZP"
"beta_lactamase;KU543956.1;sewage;AMX"
"beta_lactamase;KU543988.1;sewage;AMX"
"beta_lactamase;KU543927.1;sewage;AMX"
"beta_lactamase;KU547858.1;latrine;AMX"
"beta_lactamase;KU548387.1;soil;AMX"
"beta_lactamase;KU543919.1;sewage;AMX"
"beta_lactamase;KU544007.1;sewage;AMX"
"beta_lactamase;KU544483.1;sewage;AMX"
"beta_lactamase;KU548547.1;soil;AMX"
"beta_lactamase;KU548115.1;latrine;AMX"
"beta_lactamase;KU543984.1;sewage;AMX"
"beta_lactamase;KU548551.1;soil;ATM"
"beta_lactamase;KU544768.1;sewage;PIP"
"beta_lactamase;KU548658.1;soil;PIP"
"beta_lactamase;KU544427.1;sewage;PIP"
"beta_lactamase;KU548071.1;latrine;PIP"
"beta_lactamase;KU544746.1;sewage;PIP"
"beta_lactamase;KU548037.1;latrine;PEN"
"beta_lactamase;KU545217.1;feces;AMX"
"beta_lactamase;KU548901.1;feces;FEP"
"beta_lactamase;KU544812.1;feces;AMX"
"beta_lactamase;KU544841.1;feces;AMX"
"beta_lactamase;KU544961.1;feces;AMX"
"beta_lactamase;KU544967.1;feces;AMX"
"beta_lactamase;KU545266.1;feces;AMX"
"beta_lactamase;KU545493.1;feces;AMX"
"beta_lactamase;KU546206.1;feces;AMX"
"beta_lactamase;KU546517.1;feces;AMX"
"beta_lactamase;KU546538.1;feces;AMX"
"beta_lactamase;KU546633.1;feces;AMX"
"beta_lactamase;KU546748.1;feces;AMX"
"beta_lactamase;KU547192.1;feces;AMX"
"beta_lactamase;KU547195.1;feces;AMX"
"beta_lactamase;KU547455.1;feces;AMX"
"beta_lactamase;KU547525.1;feces;AMX"
"beta_lactamase;KU547860.1;latrine;AMX"
"beta_lactamase;KU547957.1;latrine;AMX"
"beta_lactamase;KU549021.1;feces;AMX"
"beta_lactamase;KU545264.1;feces;AMX"
"beta_lactamase;KU545645.1;feces;AMX"
"beta_lactamase;KU548126.1;latrine;AMX"
"beta_lactamase;KU548550.1;soil;AMX"
"beta_lactamase;KU547585.1;feces;AMX"
"beta_lactamase;KU547600.1;feces;AMX"
"beta_lactamase;KU548133.1;latrine;AMX"
"beta_lactamase;KU545121.1;feces;AMX"
"beta_lactamase;KU545190.1;feces;AMX"
"beta_lactamase;KU545197.1;feces;AMX"
"beta_lactamase;KU545317.1;feces;AMX"
"beta_lactamase;KU545330.1;feces;AMX"
"beta_lactamase;KU543983.1;sewage;AMX"
"beta_lactamase;KU548878.1;feces;AMX"
"beta_lactamase;KU546685.1;feces;AMX"
"beta_lactamase;KU547393.1;feces;AMX"
"beta_lactamase;KU547136.1;latrine;AMX"
"beta_lactamase;KU547042.1;latrine;AMX"
"beta_lactamase;KU547859.1;latrine;AMX"
"beta_lactamase;KU548124.1;latrine;AMX"
"beta_lactamase;KU548132.1;latrine;AMX"
"beta_lactamase;KU548546.1;soil;AMX"
"beta_lactamase;KU543918.1;sewage;AMX"
"beta_lactamase;KU546390.1;feces;AMX"
"beta_lactamase;KU547034.1;latrine;AMX"
"beta_lactamase;KU548288.1;latrine;AMX"
"beta_lactamase;KU548300.1;latrine;AMX"
"beta_lactamase;KU543933.1;sewage;AMX"
"beta_lactamase;KU543973.1;sewage;AMX"
"beta_lactamase;KU545434.1;feces;AMX"
"beta_lactamase;KU547039.1;latrine;AMX"
"beta_lactamase;KU544482.1;sewage;AMX"
"beta_lactamase;KU545271.1;feces;ATM"
"beta_lactamase;KU545278.1;feces;CTX"
"beta_lactamase;KU544155.1;sewage;CTX"
"beta_lactamase;KU548678.1;soil;CTX"
"beta_lactamase;KU548903.1;feces;CTX"
"beta_lactamase;KU548998.1;feces;CTX"
"beta_lactamase;KU543700.1;feces;CTX"
"beta_lactamase;KU544162.1;sewage;CTX"
"beta_lactamase;KU544194.1;sewage;FOX"
"beta_lactamase;KU544223.1;sewage;FOX"
"beta_lactamase;KU544243.1;sewage;FOX"
"beta_lactamase;KU544207.1;sewage;FOX"
"beta_lactamase;KU544701.1;sewage;CAZ"
"beta_lactamase;KU544887.1;feces;CAZ"
"beta_lactamase;KU549000.1;feces;CAZ"
"beta_lactamase;KU548159.1;latrine;CAZ"
"beta_lactamase;KU543705.1;feces;PEN"
"beta_lactamase;KU544910.1;feces;PEN"
"beta_lactamase;KU545283.1;feces;PEN"
"beta_lactamase;KU546585.1;feces;PEN"
"beta_lactamase;KU546676.1;feces;PEN"
"beta_lactamase;KU546808.1;feces;PEN"
"beta_lactamase;KU546811.1;feces;PEN"
"beta_lactamase;KU547469.1;feces;PEN"
"beta_lactamase;KU547568.1;feces;PEN"
"beta_lactamase;KU547881.1;latrine;PEN"
"beta_lactamase;KU548040.1;latrine;PEN"
"beta_lactamase;KU548922.1;feces;PEN"
"beta_lactamase;KU548035.1;latrine;PEN"
"beta_lactamase;KU548562.1;soil;PEN"
"beta_lactamase;KU547623.1;feces;PEN"
"beta_lactamase;KU545149.1;feces;PEN"
"beta_lactamase;KU545249.1;feces;PEN"
"beta_lactamase;KU545376.1;feces;PEN"
"beta_lactamase;KU546021.1;feces;PEN"
"beta_lactamase;KU545465.1;feces;PEN"
"beta_lactamase;KU545603.1;feces;PEN"
"beta_lactamase;KU547163.1;latrine;PEN"
"beta_lactamase;KU549001.1;feces;PEN"
"beta_lactamase;KU547074.1;latrine;PEN"
"beta_lactamase;KU547894.1;latrine;PEN"
"beta_lactamase;KU547910.1;latrine;PEN"
"beta_lactamase;KU547080.1;latrine;PEN"
"beta_lactamase;KU547158.1;latrine;PEN"
"beta_lactamase;KU547776.1;latrine;PEN"
"beta_lactamase;KU548165.1;latrine;PEN"
"beta_lactamase;KU548168.1;latrine;PEN"
"beta_lactamase;KU548182.1;latrine;PEN"
"beta_lactamase;KU548341.1;latrine;PEN"
"beta_lactamase;KU547084.1;latrine;PEN"
"beta_lactamase;KU544734.1;sewage;PEN"
"beta_lactamase;KU548170.1;latrine;PEN"
"beta_lactamase;KU545152.1;feces;PIP"
"beta_lactamase;KU548080.1;latrine;PIP"
"beta_lactamase;KU547931.1;latrine;PIP"
"beta_lactamase;KU548092.1;latrine;PIP"
"beta_lactamase;KU544399.1;sewage;PIP"
"beta_lactamase;KU544747.1;sewage;PIP"
"beta_lactamase;KU548577.1;soil;PIP"
"beta_lactamase;KU548492.1;soil;PIP"
"beta_lactamase;KU547813.1;latrine;PIP"
"beta_lactamase;KU544379.1;sewage;PIP"
"beta_lactamase;KU544432.1;sewage;PIP"
"beta_lactamase;KU547808.1;latrine;PIP"
"beta_lactamase;KU545287.1;feces;TZP"
"beta_lactamase;KU548185.1;latrine;TZP"
"beta_lactamase;KF629077.1;feces;PEN"
"beta_lactamase;KF629885.1;feces;PIP"
"beta_lactamase;KF630159.1;feces;PEN"
"beta_lactamase;KF626926.1;feces;ATM"
"beta_lactamase;KF627240.1;feces;ATM"
"beta_lactamase;KF626746.1;feces;PEN"
"beta_lactamase;KF627385.1;feces;PEN"
"beta_lactamase;KF628224.1;feces;PEN"
"beta_lactamase;KF628448.1;feces;PEN"
"beta_lactamase;KF628694.1;feces;PEN"
"beta_lactamase;KF629594.1;feces;PEN"
"beta_lactamase;KF630193.1;feces;PEN"
"beta_lactamase;KF626778.1;feces;PIP"
"beta_lactamase;KF628772.1;feces;PIP"
"beta_lactamase;KF630242.1;feces;PIP"
"beta_lactamase;KU546551.1;feces;AMX"
"beta_lactamase;KU548669.1;soil;AMX"
"beta_lactamase;KU544763.1;sewage;PIP"
"beta_lactamase;KU545480.1;feces;AMX"
"beta_lactamase;KU546246.1;feces;AMX"
"beta_lactamase;KU548986.1;feces;AMX"
"beta_lactamase;KU546334.1;feces;PEN"
"beta_lactamase;KF627314.1;feces;PEN"
"beta_lactamase;KU546394.1;feces;AMX"
"beta_lactamase;KU543694.1;feces;AMX"
"beta_lactamase;KU545125.1;feces;AMX"
"beta_lactamase;KU545796.1;feces;AMX"
"beta_lactamase;KU543702.1;feces;PEN"
"beta_lactamase;KU543892.1;feces;PEN"
"beta_lactamase;KU548800.1;feces;PEN"
"beta_lactamase;KU544013.1;sewage;ATM"
"beta_lactamase;KU546296.1;feces;CAZ"
"beta_lactamase;KF630336.1;feces;PEN"
"beta_lactamase;KU543934.1;sewage;AMX"
"beta_lactamase;KU546688.1;feces;CAZ"
"beta_lactamase;KF628554.1;feces;CTX"
"beta_lactamase;KF628548.1;feces;CAZ"
"beta_lactamase;KJ695953_1;soil;ATM"
"beta_lactamase;KJ691895_1;soil;ATM"
"beta_lactamase;KJ696258_1;soil;PEN"
"beta_lactamase;KJ695331_1;soil;PIP"
"beta_lactamase;KJ695963_1;soil;PEN"
"beta_lactamase;KJ695101_1;soil;CAZ"
"beta_lactamase;KJ694108_1;soil;PEN"
"beta_lactamase;KJ695366_1;soil;ATM"
"beta_lactamase;KJ694733_1;soil;PEN"
"beta_lactamase;KJ692177_1;soil;CAZ"
"beta_lactamase;KJ696046_1;soil;PEN"
"beta_lactamase;KJ696128_1;soil;PIP"
"beta_lactamase;KJ694542_1;soil;CAZ"
"beta_lactamase;KJ691941_1;soil;PEN"
"beta_lactamase;KJ696251_1;soil;ATM"
"beta_lactamase;KJ694109_1;soil;CAZ"
"beta_lactamase;KJ696080_1;soil;ATM"
"beta_lactamase;KJ694078_1;soil;PEN"
"beta_lactamase;KJ694146_1;soil;PIP"
"beta_lactamase;KJ694913_1;soil;ATM"
"beta_lactamase;KJ691910_1;soil;FEP"
"beta_lactamase;KJ693184_1;soil;CAZ"
"beta_lactamase;KJ694744_1;soil;CAZ"
"beta_lactamase;KJ695930_1;soil;ATM"
"beta_lactamase;KJ694633_1;soil;PEN"
"beta_lactamase;KJ692045_1;soil;CAZ"
"beta_lactamase;KJ693632_1;soil;CAZ"
"beta_lactamase;KJ694104_1;soil;PEN"
"beta_lactamase;KJ693935_1;soil;ATM"
"beta_lactamase;KJ692353_1;soil;ATM"
"beta_lactamase;KJ693186_1;soil;CAZ"
"beta_lactamase;KJ695685_1;soil;CAZ"
"beta_lactamase;KJ693906_1;soil;CAZ"
"beta_lactamase;KJ694268_1;soil;PEN"
"beta_lactamase;KJ695175_1;soil;PEN"
"beta_lactamase;KJ693603_1;soil;ATM"
"beta_lactamase;KJ694710_1;soil;ATM"
"beta_lactamase;KJ695230_1;soil;ATM"
"beta_lactamase;KJ694747_1;soil;CAZ"
"beta_lactamase;KJ692940_1;soil;CAZ"
"beta_lactamase;KJ692832_1;soil;PEN"
"beta_lactamase;KJ694909_1;soil;CAZ"
"beta_lactamase;KJ694076_1;soil;PEN"
"beta_lactamase;KJ692178_1;soil;CAZ"
"beta_lactamase;KJ695033_1;soil;CAZ"
"beta_lactamase;KJ693938_1;soil;ATM"
"beta_lactamase;KJ695016_1;soil;CAZ"
"beta_lactamase;KJ692831_1;soil;PEN"
"beta_lactamase;KJ693680_1;soil;CAZ"
"beta_lactamase;KJ695611_1;soil;PEN"
"beta_lactamase;KJ695037_1;soil;CAZ"
"beta_lactamase;KJ692833_1;soil;PEN"
"beta_lactamase;KJ693905_1;soil;CAZ"
"beta_lactamase;KJ692860_1;soil;ATM"
"beta_lactamase;KJ695893_1;soil;CAZ"
"beta_lactamase;KJ693868_1;soil;ATM"
"beta_lactamase;KJ692567_1;soil;PIP"
"beta_lactamase;KJ691921_1;soil;ATM"
"beta_lactamase;KJ693200_1;soil;ATM"
"beta_lactamase;KJ695449_1;soil;ATM"
"beta_lactamase;KJ693633_1;soil;CAZ"
"beta_lactamase;KJ693872_1;soil;ATM"
"beta_lactamase;KJ695174_1;soil;PEN"
"beta_lactamase;KJ693425_1;soil;PEN"
"beta_lactamase;KJ693147_1;soil;CAZ"
"beta_lactamase;KJ693936_1;soil;ATM"
"beta_lactamase;KJ695223_1;soil;PEN"
"beta_lactamase;KJ692937_1;soil;PEN"
"beta_lactamase;KJ693839_1;soil;PEN"
"beta_lactamase;KJ692345_1;soil;CAZ"
"beta_lactamase;KJ693151_1;soil;CAZ"
"beta_lactamase;KJ694845_1;soil;CTX"
"beta_lactamase;KJ695017_1;soil;CAZ"
"beta_lactamase;KJ696409_1;soil;PEN"
"beta_lactamase;KJ694881_1;soil;CTX"
"beta_lactamase;KJ692764_1;soil;CAZ"
"beta_lactamase;KJ692961_1;soil;CAZ"
"beta_lactamase;KJ692078_1;soil;CAZ"
"beta_lactamase;KJ694676_1;soil;CAZ"
"beta_lactamase;KJ695734_1;soil;ATM"
"beta_lactamase;KJ693782_1;soil;PIP"
"beta_lactamase;KJ693154_1;soil;PEN"
"beta_lactamase;KJ693149_1;soil;CAZ"
"beta_lactamase;KJ693733_1;soil;CAZ"
"beta_lactamase;KJ692077_1;soil;CAZ"
"beta_lactamase;KJ696314_1;soil;PEN"
"beta_lactamase;KJ695460_1;soil;PEN"
"beta_lactamase;KJ693544_1;soil;PEN"
"beta_lactamase;KJ695461_1;soil;PEN"
"beta_lactamase;KJ692083_1;soil;CAZ"
"beta_lactamase;KJ692465_1;soil;CAZ"
"beta_lactamase;KJ692823_1;soil;FOX"
"beta_lactamase;KJ692455_1;soil;CTX"
"beta_lactamase;KJ694724_1;soil;CAZ"
"beta_lactamase;KJ693634_1;soil;CAZ"
"beta_lactamase;KJ694674_1;soil;FOX"
"beta_lactamase;KJ695099_1;soil;FOX"
"beta_lactamase;KJ693690_1;soil;FOX"
"beta_lactamase;KJ692110_1;soil;FOX"
"beta_lactamase;KJ695683_1;soil;CAZ"
"beta_lactamase;KJ692723_1;soil;PIP"
"beta_lactamase;KJ692826_1;soil;FOX"
"beta_lactamase;KJ692957_1;soil;CAZ"
"beta_lactamase;KJ694504_1;soil;PIP"
"beta_lactamase;KJ695258_1;soil;FOX"
"beta_lactamase;KJ695218_1;soil;PEN"
"beta_lactamase;KJ695246_1;soil;PIP"
"beta_lactamase;KJ695237_1;soil;TZP"
"beta_lactamase;KJ693689_1;soil;FOX"
"beta_lactamase;KJ695973_1;soil;FOX"
"beta_lactamase;KJ694217_1;soil;TZP"
"beta_lactamase;KJ692174_1;soil;CAZ"
"beta_lactamase;KJ694529_1;soil;CAZ"
"beta_lactamase;KJ694723_1;soil;CAZ"
"beta_lactamase;KJ695816_1;soil;FOX"
"beta_lactamase;KJ692765_1;soil;CAZ"
"beta_lactamase;KJ692772_1;soil;FOX"
"beta_lactamase;KJ694709_1;soil;CAZ"
"beta_lactamase;KJ696301_1;soil;FOX"
"beta_lactamase;KJ691922_1;soil;ATM"
"beta_lactamase;KJ692117_1;soil;FOX"
"beta_lactamase;KJ692085_1;soil;FOX"
"beta_lactamase;KJ692931_1;soil;FOX"
"beta_lactamase;KJ694430_1;soil;FOX"
"beta_lactamase;KJ692118_1;soil;FOX"
"beta_lactamase;KJ692928_1;soil;FOX"
"beta_lactamase;KJ693138_1;soil;FOX"
"beta_lactamase;KJ693575_1;soil;FOX"
"beta_lactamase;KJ693740_1;soil;FOX"
"beta_lactamase;KJ694431_1;soil;FOX"
"beta_lactamase;KJ694532_1;soil;FOX"
"beta_lactamase;KJ694875_1;soil;FOX"
"beta_lactamase;KJ692825_1;soil;FOX"
"beta_lactamase;KJ693576_1;soil;FOX"
"beta_lactamase;KJ693840_1;soil;PEN"
"beta_lactamase;KJ692469_1;soil;CAZ"
"beta_lactamase;KJ692047_1;soil;CAZ"
"beta_lactamase;KJ691994_1;soil;PEN"
"beta_lactamase;KJ692834_1;soil;PEN"
"beta_lactamase;KJ692087_1;soil;FOX"
"beta_lactamase;KJ693678_1;soil;CAZ"
"beta_lactamase;KJ693438_1;soil;PEN"
"beta_lactamase;KJ693441_1;soil;CAZ"
"beta_lactamase;KJ692088_1;soil;FOX"
"beta_lactamase;KJ692111_1;soil;FOX"
"beta_lactamase;KJ693439_1;soil;PEN"
"beta_lactamase;KJ693914_1;soil;PEN"
"beta_lactamase;KJ693837_1;soil;PEN"
"beta_lactamase;KJ692176_1;soil;CAZ"
"beta_lactamase;KJ693679_1;soil;CAZ"
"beta_lactamase;KJ694423_1;soil;CAZ"
"beta_lactamase;KJ692766_1;soil;CAZ"
"beta_lactamase;KJ693736_1;soil;CAZ"
"beta_lactamase;KJ694495_1;soil;CAZ"
"beta_lactamase;KJ692346_1;soil;CAZ"
"beta_lactamase;KJ692079_1;soil;CAZ"
"beta_lactamase;KJ693190_1;soil;FOX"
"beta_lactamase;KJ694761_1;soil;CAZ"
"beta_lactamase;KJ693734_1;soil;CAZ"
"beta_lactamase;KJ692471_1;soil;FOX"
"beta_lactamase;KJ695034_1;soil;CAZ"
"beta_lactamase;KJ693735_1;soil;CAZ"
"beta_lactamase;KJ692768_1;soil;FOX"
"beta_lactamase;KJ694457_1;soil;FOX"
"beta_lactamase;KJ693334_1;soil;PEN"
"beta_lactamase;KJ694426_1;soil;CAZ"
"beta_lactamase;KJ695403_1;soil;CTX"
"beta_lactamase;KJ693140_1;soil;FOX"
"beta_lactamase;KJ692929_1;soil;FOX"
"beta_lactamase;KJ693577_1;soil;FOX"
"beta_lactamase;KJ695687_1;soil;FOX"
"beta_lactamase;KJ692933_1;soil;FOX"
"beta_lactamase;KJ692941_1;soil;CAZ"
"beta_lactamase;KJ692944_1;soil;CAZ"
"beta_lactamase;KJ691908_1;soil;CTX"
"beta_lactamase;KJ693145_1;soil;CAZ"
"beta_lactamase;KJ691993_1;soil;PIP"
"beta_lactamase;KJ691907_1;soil;CTX"
"beta_lactamase;KJ694470_1;soil;CTX"
"beta_lactamase;KJ692145_1;soil;PEN"
"beta_lactamase;KJ694107_1;soil;CAZ"
"beta_lactamase;KJ694675_1;soil;FOX"
"beta_lactamase;KJ694525_1;soil;CAZ"
"beta_lactamase;KJ693681_1;soil;CTX"
"beta_lactamase;KJ693150_1;soil;CAZ"
"beta_lactamase;KJ693194_1;soil;PEN"
"beta_lactamase;KJ693456_1;soil;TZP"
"beta_lactamase;KJ694180_1;soil;PIP"
"beta_lactamase;KJ692663_1;soil;PEN"
"beta_lactamase;KJ692539_1;soil;PIP"
"beta_lactamase;KJ692949_1;soil;CTX"
"beta_lactamase;KJ692935_1;soil;PEN"
"beta_lactamase;KJ695458_1;soil;PEN"
"beta_lactamase;KJ693349_1;soil;PEN"
"beta_lactamase;KJ696348_1;soil;PIP"
"beta_lactamase;KJ695330_1;soil;PEN"
"beta_lactamase;KJ692662_1;soil;PEN"
"beta_lactamase;KJ691944_1;soil;PEN"
"beta_lactamase;KJ695365_1;soil;PEN"
"beta_lactamase;KJ694530_1;soil;PEN"
"beta_lactamase;KJ693428_1;soil;PIP"
"beta_lactamase;KJ692342_1;soil;ATM"
"beta_lactamase;KJ693457_1;soil;TZP"
"beta_lactamase;KJ692254_1;soil;PEN"
"beta_lactamase;KJ692341_1;soil;ATM"
"beta_lactamase;KJ691965_1;soil;ATM"
"beta_lactamase;KJ693951_1;soil;ATM"
"beta_lactamase;KJ693480_1;soil;ATM"
"beta_lactamase;KJ692721_1;soil;PIP"
"beta_lactamase;KJ692350_1;soil;ATM"
"beta_lactamase;KJ693934_1;soil;ATM"
"beta_lactamase;KJ691966_1;soil;ATM"
"beta_lactamase;KJ692057_1;soil;TZP"
"beta_lactamase;KJ692343_1;soil;ATM"
"beta_lactamase;KJ692214_1;soil;PIP"
"beta_lactamase;KJ692861_1;soil;ATM"
"beta_lactamase;KJ693209_1;soil;ATM"
"beta_lactamase;KJ693670_1;soil;ATM"
"beta_lactamase;KJ693487_1;soil;ATM"
"beta_lactamase;KJ693944_1;soil;ATM"
"beta_lactamase;KJ694116_1;soil;PEN"
"beta_lactamase;KJ694319_1;soil;PIP"
"beta_lactamase;KJ695206_1;soil;ATM"
"beta_lactamase;KJ692398_1;soil;PEN"
"beta_lactamase;KJ693621_1;soil;ATM"
"beta_lactamase;KJ693208_1;soil;ATM"
"beta_lactamase;KJ692902_1;soil;ATM"
"beta_lactamase;KJ691924_1;soil;ATM"
"beta_lactamase;KJ691939_1;soil;ATM"
"beta_lactamase;KJ692349_1;soil;ATM"
"beta_lactamase;KJ692348_1;soil;ATM"
"beta_lactamase;KJ693231_1;soil;ATM"
"beta_lactamase;KJ694914_1;soil;ATM"
"beta_lactamase;KJ694951_1;soil;ATM"
"beta_lactamase;KJ691997_1;soil;PEN"
"beta_lactamase;KJ695283_1;soil;ATM"
"beta_lactamase;KJ692851_1;soil;PEN"
"beta_lactamase;KJ694629_1;soil;PEN"
"beta_lactamase;KJ691985_1;soil;PEN"
"beta_lactamase;KJ694472_1;soil;CTX"
"beta_lactamase;KJ695702_1;soil;PIP"
"beta_lactamase;KJ693372_1;soil;PEN"
"beta_lactamase;KJ692802_1;soil;ATM"
"beta_lactamase;KJ691992_1;soil;PIP"
"beta_lactamase;KJ692938_1;soil;PEN"
"beta_lactamase;KJ693820_1;soil;PEN"
"beta_lactamase;KJ693124_1;soil;ATM"
"beta_lactamase;KJ695672_1;soil;PEN"
"beta_lactamase;KJ695701_1;soil;PIP"
"beta_lactamase;KJ695496_1;soil;TZP"
"beta_lactamase;KJ695450_1;soil;ATM"
"beta_lactamase;KJ693790_1;soil;PEN"
"beta_lactamase;KJ693799_1;soil;PIP"
"beta_lactamase;KJ693824_1;soil;PEN"
"beta_lactamase;KU544708.1;sewage;CAZ"
"beta_lactamase;KU544721.1;sewage;CAZ"
"beta_lactamase;GQ342999.1;feces;AMX"
"beta_lactamase;GQ343154.1;feces;PEN"
"beta_lactamase;GQ342996.1;feces;AMX"
"beta_lactamase;GQ343005.1;feces;AMX"
"beta_lactamase;KU546746.1;feces;AMX"
"beta_lactamase;KU547211.1;feces;AMX"
"beta_lactamase;KU547524.1;feces;AMX"
"beta_lactamase;KU546399.1;feces;AMX"
"beta_lactamase;KU546830.1;feces;AMX"
"beta_lactamase;KU545424.1;feces;AMX"
"beta_lactamase;KU544963.1;feces;AMX"
"beta_lactamase;KU546518.1;feces;AMX"
"beta_lactamase;KU546887.1;feces;AMX"
"beta_lactamase;KU544983.1;feces;AMX"
"beta_lactamase;KU545183.1;feces;AMX"
"beta_lactamase;KU545739.1;feces;AMX"
"beta_lactamase;KU545946.1;feces;AMX"
"beta_lactamase;KU545973.1;feces;AMX"
"beta_lactamase;KU546252.1;feces;AMX"
"beta_lactamase;KU547595.1;feces;AMX"
"beta_lactamase;KU547756.1;latrine;AMX"
"beta_lactamase;KU548201.1;latrine;AMX"
"beta_lactamase;KU548398.1;soil;AMX"
"beta_lactamase;KU548670.1;soil;AMX"
"beta_lactamase;KU545265.1;feces;AMX"
"beta_lactamase;KU546225.1;feces;AMX"
"beta_lactamase;KU543977.1;sewage;AMX"
"beta_lactamase;KU544847.1;feces;AMX"
"beta_lactamase;KU545437.1;feces;AMX"
"beta_lactamase;KU547400.1;feces;AMX"
"beta_lactamase;KU547593.1;feces;AMX"
"beta_lactamase;KU544814.1;feces;AMX"
"beta_lactamase;KU544994.1;feces;AMX"
"beta_lactamase;KU545802.1;feces;AMX"
"beta_lactamase;KU545918.1;feces;AMX"
"beta_lactamase;KU546231.1;feces;AMX"
"beta_lactamase;KU546634.1;feces;AMX"
"beta_lactamase;KU546997.1;feces;AMX"
"beta_lactamase;KU547663.1;feces;AMX"
"beta_lactamase;KU543938.1;sewage;AMX"
"beta_lactamase;KU545727.1;feces;AMX"
"beta_lactamase;KU544832.1;feces;AMX"
"beta_lactamase;KU544972.1;feces;AMX"
"beta_lactamase;KU545723.1;feces;AMX"
"beta_lactamase;KU546220.1;feces;AMX"
"beta_lactamase;KU546632.1;feces;AMX"
"beta_lactamase;KU547217.1;feces;AMX"
"beta_lactamase;KU547594.1;feces;AMX"
"beta_lactamase;KU544998.1;feces;AMX"
"beta_lactamase;KU545736.1;feces;AMX"
"beta_lactamase;KU546885.1;feces;AMX"
"beta_lactamase;KU547582.1;feces;AMX"
"beta_lactamase;KU545081.1;feces;ATM"
"beta_lactamase;KU545978.1;feces;ATM"
"beta_lactamase;KU546642.1;feces;ATM"
"beta_lactamase;KU544023.1;sewage;ATM"
"beta_lactamase;KU547684.1;feces;ATM"
"beta_lactamase;KU545332.1;feces;ATM"
"beta_lactamase;KU546089.1;feces;ATM"
"beta_lactamase;KU547235.1;feces;ATM"
"beta_lactamase;KU545000.1;feces;ATM"
"beta_lactamase;KU545758.1;feces;FEP"
"beta_lactamase;KU544139.1;sewage;FEP"
"beta_lactamase;KU544144.1;sewage;FEP"
"beta_lactamase;KU544165.1;sewage;CTX"
"beta_lactamase;KU544154.1;sewage;CTX"
"beta_lactamase;KU546919.1;feces;CAZ"
"beta_lactamase;KU546863.1;feces;CAZ"
"beta_lactamase;KU545578.1;feces;CAZ"
"beta_lactamase;KU544709.1;sewage;CAZ"
"beta_lactamase;KU544716.1;sewage;CAZ"
"beta_lactamase;KU543835.1;feces;CAZ"
"beta_lactamase;KU546292.1;feces;CAZ"
"beta_lactamase;KU544881.1;feces;CAZ"
"beta_lactamase;KU546805.1;feces;CAZ"
"beta_lactamase;KU545931.1;feces;CAZ"
"beta_lactamase;KU547691.1;feces;CAZ"
"beta_lactamase;KU545864.1;feces;CAZ"
"beta_lactamase;KU546294.1;feces;CAZ"
"beta_lactamase;KU545769.1;feces;CAZ"
"beta_lactamase;KU546922.1;feces;CAZ"
"beta_lactamase;KU546669.1;feces;CAZ"
"beta_lactamase;KU547618.1;feces;CAZ"
"beta_lactamase;KU546460.1;feces;PEN"
"beta_lactamase;KU544356.1;sewage;PEN"
"beta_lactamase;KU545036.1;feces;PEN"
"beta_lactamase;KU546677.1;feces;PEN"
"beta_lactamase;KU548063.1;latrine;PIP"
"beta_lactamase;KU544425.1;sewage;PIP"
"beta_lactamase;KU544367.1;sewage;TZP"
"beta_lactamase;KU544375.1;sewage;TZP"
"beta_lactamase;KU548696.1;soil;TZP"
"beta_lactamase;GQ343038.1;feces;CAR"
"beta_lactamase;GQ343000.1;feces;AMX"
"beta_lactamase;GQ343037.1;feces;CAR"
"beta_lactamase;GQ343039.1;feces;CAR"
"beta_lactamase;GQ343044.1;feces;CAR"
"beta_lactamase;GQ343003.1;feces;AMX"
"beta_lactamase;GQ343002.1;feces;AMX"
"beta_lactamase;GQ343153.1;feces;PEN"
"beta_lactamase;GQ343170.1;feces;PIP"
"beta_lactamase;GQ343045.1;feces;CAR"
"beta_lactamase;GQ343035.1;feces;AMX"
"beta_lactamase;KU546758.1;feces;ATM"
"beta_lactamase;KU548543.1;soil;AMX"
"beta_lactamase;KU547720.1;latrine;AMX"
"beta_lactamase;KU547721.1;latrine;AMX"
"beta_lactamase;KU544269.1;sewage;FOX"
"beta_lactamase;KU548589.1;soil;PEN"
"beta_lactamase;KU548343.1;latrine;PEN"
"beta_lactamase;KU548622.1;soil;TZP"
"beta_lactamase;KU547743.1;latrine;TZP"
"beta_lactamase;GQ343167.1;feces;PEN"
"cat;KU543866.1;feces;CHL"
"cat;KU543873.1;feces;CHL"
"cat;KU545984.1;feces;CHL"
"cat;KU546092.1;feces;CHL"
"cat;KU546268.1;feces;CHL"
"cat;KU546782.1;feces;CHL"
"cat;KU546900.1;feces;CHL"
"cat;KU547240.1;feces;CHL"
"cat;KU547345.1;feces;CHL"
"cat;KU545753.1;feces;CHL"
"cat;KU546907.1;feces;CHL"
"cat;KU546851.1;feces;CHL"
"cat;KU546093.1;feces;CHL"
"cat;KU545405.1;feces;CHL"
"cat;KU545818.1;feces;CHL"
"cat;KU545921.1;feces;CHL"
"cat;KU545983.1;feces;CHL"
"cat;KU545993.1;feces;CHL"
"cat;KU547459.1;feces;CHL"
"cat;KU543833.1;feces;CHL"
"cat;KU544049.1;sewage;CHL"
"cat;KU545453.1;feces;CHL"
"cat;KU545664.1;feces;CHL"
"cat;KU545838.1;feces;CHL"
"cat;KU546417.1;feces;CHL"
"cat;KU546786.1;feces;CHL"
"cat;KU546959.1;feces;CHL"
"cat;KU547609.1;feces;CHL"
"cat;KU545749.1;feces;CHL"
"cat;KU548431.1;soil;CHL"
"cat;KU544029.1;sewage;CHL"
"cat;KU545443.1;feces;CHL"
"cat;KU546902.1;feces;CHL"
"cat;KU547990.1;latrine;CHL"
"cat;KU548439.1;soil;CHL"
"cat;KU544866.1;feces;CHL"
"cat;KU548586.1;soil;CHL"
"cat;KU546271.1;feces;CHL"
"cat;KU547759.1;latrine;CHL"
"cat;KU545655.1;feces;CHL"
"cat;KU544033.1;sewage;CHL"
"cat;KU547059.1;latrine;CHL"
"cat;KU545752.1;feces;CHL"
"cat;KU547239.1;feces;CHL"
"cat;KU545821.1;feces;CHL"
"cat;KU547415.1;feces;CHL"
"cat;KU546776.1;feces;CHL"
"cat;KU548587.1;soil;CHL"
"cat;KU544052.1;sewage;CHL"
"cat;KU545087.1;feces;CHL"
"cat;KU546899.1;feces;CHL"
"cat;KU545985.1;feces;CHL"
"cat;KF629022.1;feces;CHL"
"cat;KF626988.1;feces;CHL"
"cat;KF628977.1;feces;CHL"
"cat;KF629324.1;feces;CHL"
"cat;KF629769.1;feces;CHL"
"cat;KF628154.1;feces;CHL"
"cat;KF628840.1;feces;CHL"
"cat;KF629850.1;feces;CHL"
"cat;KF628201.1;feces;CHL"
"cat;KF630238.1;feces;CHL"
"cat;KF629212.1;feces;CHL"
"cat;KF628904.1;feces;CHL"
"cat;KF627991.1;feces;CHL"
"cat;KF627245.1;feces;CHL"
"cat;KF629854.1;feces;CHL"
"cat;KF629607.1;feces;CHL"
"cat;KF627969.1;feces;CHL"
"cat;KF629790.1;feces;CHL"
"cat;KF629359.1;feces;CHL"
"cat;KF629772.1;feces;CHL"
"cat;KU545449.1;feces;CHL"
"cat;KU545576.1;feces;CHL"
"cat;KU545992.1;feces;CHL"
"cat;KU546267.1;feces;CHL"
"cat;KU546775.1;feces;CHL"
"cat;KU546857.1;feces;CHL"
"cat;KU547410.1;feces;CHL"
"cat;KU547548.1;feces;CHL"
"cat;KU544859.1;feces;CHL"
"cat;KU545091.1;feces;CHL"
"cat;KU545920.1;feces;CHL"
"cat;KU545982.1;feces;CHL"
"cat;KU545661.1;feces;CHL"
"cat;KF629419.1;feces;CHL"
"cat;KF628222.1;feces;CHL"
"cat;KF628407.1;feces;CHL"
"cat;KF627113.1;feces;CHL"
"cat;GQ343078.1;feces;CHL"
"dfr;KJ692866_1;soil;TMP"
"dfr;KJ693174_1;soil;TMP"
"dfr;KJ693538_1;soil;TMP"
"dfr;KJ695473_1;soil;TMP"
"dfr;KJ695465_1;soil;TMP"
"dfr;KJ691919_1;soil;TMP"
"dfr;KJ693585_1;soil;TMP"
"dfr;KJ694754_1;soil;TMP"
"dfr;KJ695158_1;soil;TMP"
"dfr;KJ695838_1;soil;TMP"
"dfr;KJ696280_1;soil;TMP"
"dfr;KJ696249_1;soil;TMP"
"dfr;KJ692225_1;soil;TMP"
"dfr;KJ694695_1;soil;TMP"
"dfr;KJ696096_1;soil;TMP"
"dfr;KJ692097_1;soil;TMP"
"dfr;KJ692037_1;soil;TMP"
"dfr;KJ691936_1;soil;TMP"
"dfr;KJ692542_1;soil;SXT"
"dfr;KJ692869_1;soil;TMP"
"dfr;KJ692962_1;soil;TMP"
"dfr;KJ693897_1;soil;SXT"
"dfr;KJ694989_1;soil;TMP"
"dfr;KJ695018_1;soil;TMP"
"dfr;KJ696031_1;soil;TMP"
"dfr;KJ692899_1;soil;TMP"
"dfr;KJ693651_1;soil;TMP"
"dfr;KJ694220_1;soil;TMP"
"dfr;KJ695592_1;soil;TMP"
"dfr;KJ695889_1;soil;TMP"
"dfr;KJ692015_1;soil;TMP"
"dfr;KJ692263_1;soil;TMP"
"dfr;KJ693636_1;soil;TMP"
"dfr;KJ694411_1;soil;TMP"
"dfr;KJ694466_1;soil;TMP"
"dfr;KJ694928_1;soil;TMP"
"dfr;KJ694940_1;soil;TMP"
"dfr;KJ695140_1;soil;SXT"
"dfr;KJ695314_1;soil;TMP"
"dfr;KJ695574_1;soil;TMP"
"dfr;KJ695718_1;soil;TMP"
"dfr;KJ695822_1;soil;TMP"
"dfr;KJ695868_1;soil;TMP"
"dfr;KJ695924_1;soil;TMP"
"dfr;KJ695981_1;soil;TMP"
"dfr;KJ695997_1;soil;TMP"
"dfr;KJ696356_1;soil;TMP"
"dfr;KJ696215_1;soil;TMP"
"dfr;KJ696276_1;soil;TMP"
"dfr;KJ691934_1;soil;TMP"
"dfr;KJ692695_1;soil;TMP"
"dfr;KJ693605_1;soil;TMP"
"dfr;KJ694474_1;soil;TMP"
"dfr;KJ695079_1;soil;SXT"
"dfr;KJ695193_1;soil;TMP"
"dfr;KJ695575_1;soil;TMP"
"dfr;KJ695477_1;soil;TMP"
"dfr;KJ695872_1;soil;TMP"
"dfr;KJ694961_1;soil;TMP"
"dfr;KJ695452_1;soil;TMP"
"dfr;KJ695605_1;soil;TMP"
"dfr;KJ695736_1;soil;TMP"
"dfr;KJ696217_1;soil;SXT"
"dfr;KJ693412_1;soil;TMP"
"dfr;KJ694045_1;soil;TMP"
"dfr;KJ694225_1;soil;TMP"
"dfr;KJ694048_1;soil;TMP"
"dfr;KJ694892_1;soil;TMP"
"dfr;KJ694935_1;soil;TMP"
"dfr;KJ695013_1;soil;SXT"
"dfr;KJ694908_1;soil;SXT"
"dfr;KJ695255_1;soil;TMP"
"dfr;KJ695356_1;soil;TMP"
"dfr;KJ695308_1;soil;TMP"
"dfr;KJ695640_1;soil;TMP"
"dfr;KJ695444_1;soil;TMP"
"dfr;KJ696160_1;soil;TMP"
"dfr;KJ696511_1;soil;SXT"
"dfr;KJ694387_1;soil;TMP"
"dfr;KJ695261_1;soil;TMP"
"dfr;KJ695561_1;soil;TMP"
"dfr;KJ695804_1;soil;SXT"
"dfr;KJ695990_1;soil;TMP"
"dfr;KJ696214_1;soil;TMP"
"dfr;KJ696497_1;soil;TMP"
"dfr;KJ694010_1;soil;TMP"
"dfr;KJ694092_1;soil;TMP"
"dfr;KJ694858_1;soil;TMP"
"dfr;KJ692014_1;soil;TMP"
"dfr;KJ691937_1;soil;TMP"
"dfr;KJ692379_1;soil;TMP"
"dfr;KJ692500_1;soil;TMP"
"dfr;KJ692720_1;soil;TMP"
"dfr;KJ692675_1;soil;TMP"
"dfr;KJ694959_1;soil;TMP"
"dfr;KJ694992_1;soil;TMP"
"dfr;KJ694880_1;soil;TMP"
"dfr;KJ695659_1;soil;TMP"
"dfr;KJ695812_1;soil;TMP"
"dfr;KJ695735_1;soil;TMP"
"dfr;KJ696064_1;soil;TMP"
"dfr;KJ696324_1;soil;TMP"
"dfr;KJ692747_1;soil;TMP"
"dfr;KJ694762_1;soil;TMP"
"dfr;KJ694687_1;soil;TMP"
"dfr;KJ694957_1;soil;TMP"
"dfr;KJ695241_1;soil;TMP"
"dfr;KJ695666_1;soil;TMP"
"dfr;KJ695925_1;soil;TMP"
"dfr;KJ696379_1;soil;TMP"
"dfr;KJ693531_1;soil;SXT"
"dfr;KJ695748_1;soil;TMP"
"dfr;KJ695944_1;soil;TMP"
"dfr;KJ695964_1;soil;TMP"
"dfr;KJ696021_1;soil;SXT"
"dfr;KJ696470_1;soil;TMP"
"dfr;KJ696472_1;soil;TMP"
"dfr;KJ696393_1;soil;TMP"
"dfr;KJ692758_1;soil;TMP"
"dfr;KJ692694_1;soil;TMP"
"dfr;KJ692954_1;soil;TMP"
"dfr;KJ693535_1;soil;TMP"
"dfr;KJ694063_1;soil;SXT"
"dfr;KJ694786_1;soil;TMP"
"dfr;KJ694722_1;soil;TMP"
"dfr;KJ694878_1;soil;TMP"
"dfr;KJ695252_1;soil;TMP"
"dfr;KJ695297_1;soil;TMP"
"dfr;KJ695545_1;soil;TMP"
"dfr;KJ695558_1;soil;TMP"
"dfr;KJ695913_1;soil;TMP"
"dfr;KJ696039_1;soil;TMP"
"dfr;KJ696247_1;soil;TMP"
"dfr;KJ692798_1;soil;TMP"
"dfr;KJ693436_1;soil;TMP"
"dfr;KJ694456_1;soil;TMP"
"dfr;KJ694181_1;soil;SXT"
"dfr;KJ694787_1;soil;TMP"
"dfr;KJ695224_1;soil;TMP"
"dfr;KJ695251_1;soil;TMP"
"dfr;KJ696118_1;soil;TMP"
"dfr;KJ695987_1;soil;TMP"
"dfr;KJ693064_1;soil;TMP"
"dfr;KJ694447_1;soil;TMP"
"dfr;KJ696403_1;soil;TMP"
"dfr;KJ692075_1;soil;TMP"
"dfr;KJ692608_1;soil;SXT"
"dfr;KJ692969_1;soil;TMP"
"dfr;KJ693709_1;soil;TMP"
"dfr;KJ694300_1;soil;TMP"
"dfr;KJ694098_1;soil;SXT"
"dfr;KJ694570_1;soil;TMP"
"dfr;KJ694763_1;soil;TMP"
"dfr;KJ694686_1;soil;TMP"
"dfr;KJ694621_1;soil;TMP"
"dfr;KJ694824_1;soil;SXT"
"dfr;KJ694942_1;soil;TMP"
"dfr;KJ695067_1;soil;TMP"
"dfr;KJ694938_1;soil;TMP"
"dfr;KJ695781_1;soil;TMP"
"dfr;KJ695727_1;soil;TMP"
"dfr;KJ696221_1;soil;TMP"
"dfr;KJ696517_1;soil;TMP"
"dfr;KJ692963_1;soil;TMP"
"dfr;KJ692983_1;soil;TMP"
"dfr;KJ693901_1;soil;SXT"
"dfr;KJ694298_1;soil;TMP"
"dfr;KJ695726_1;soil;TMP"
"dfr;KJ696282_1;soil;TMP"
"dfr;KJ694196_1;soil;TMP"
"dfr;KJ694349_1;soil;TMP"
"dfr;KJ694473_1;soil;TMP"
"dfr;KJ695197_1;soil;TMP"
"dfr;KJ695580_1;soil;TMP"
"dfr;KJ695721_1;soil;TMP"
"dfr;KJ693177_1;soil;TMP"
"dfr;KJ693513_1;soil;TMP"
"dfr;KJ694652_1;soil;TMP"
"dfr;KJ694839_1;soil;TMP"
"dfr;KJ695341_1;soil;TMP"
"dfr;KJ695582_1;soil;TMP"
"dfr;KJ695507_1;soil;TMP"
"dfr;KJ695839_1;soil;TMP"
"dfr;KJ696054_1;soil;TMP"
"dfr;KJ696072_1;soil;TMP"
"dfr;KJ696034_1;soil;TMP"
"dfr;KJ696095_1;soil;TMP"
"dfr;KJ696519_1;soil;TMP"
"dfr;KJ693144_1;soil;TMP"
"dfr;KJ694406_1;soil;TMP"
"dfr;KJ694515_1;soil;TMP"
"dfr;KJ694513_1;soil;TMP"
"dfr;KJ694708_1;soil;TMP"
"dfr;KJ694945_1;soil;TMP"
"dfr;KJ695351_1;soil;TMP"
"dfr;KJ695440_1;soil;TMP"
"dfr;KJ695541_1;soil;TMP"
"dfr;KJ695511_1;soil;TMP"
"dfr;KJ696398_1;soil;TMP"
"dfr;KJ693490_1;soil;SXT"
"dfr;KJ694608_1;soil;TMP"
"dfr;KJ696189_1;soil;SXT"
"dfr;KJ692073_1;soil;TMP"
"dfr;KJ692440_1;soil;TMP"
"dfr;KJ692459_1;soil;TMP"
"dfr;KJ692850_1;soil;TMP"
"dfr;KJ693676_1;soil;TMP"
"dfr;KJ693486_1;soil;TMP"
"dfr;KJ693485_1;soil;TMP"
"dfr;KJ693430_1;soil;TMP"
"dfr;KJ694016_1;soil;TMP"
"dfr;KJ693842_1;soil;TMP"
"dfr;KJ693973_1;soil;SXT"
"dfr;KJ694345_1;soil;TMP"
"dfr;KJ694477_1;soil;TMP"
"dfr;KJ694822_1;soil;SXT"
"dfr;KJ694886_1;soil;TMP"
"dfr;KJ694840_1;soil;TMP"
"dfr;KJ694912_1;soil;TMP"
"dfr;KJ695292_1;soil;TMP"
"dfr;KJ695617_1;soil;TMP"
"dfr;KJ695583_1;soil;TMP"
"dfr;KJ695637_1;soil;TMP"
"dfr;KJ695831_1;soil;TMP"
"dfr;KJ696116_1;soil;TMP"
"dfr;KJ696125_1;soil;TMP"
"dfr;KJ696117_1;soil;TMP"
"dfr;KJ696290_1;soil;TMP"
"dfr;KJ696431_1;soil;TMP"
"dfr;KJ696300_1;soil;TMP"
"dfr;KJ696481_1;soil;SXT"
"dfr;KJ692008_1;soil;TMP"
"dfr;KJ692913_1;soil;TMP"
"dfr;KJ693129_1;soil;TMP"
"dfr;KJ694229_1;soil;TMP"
"dfr;KJ694820_1;soil;SXT"
"dfr;KJ694990_1;soil;TMP"
"dfr;KJ695047_1;soil;SXT"
"dfr;KJ695624_1;soil;TMP"
"dfr;KJ695661_1;soil;TMP"
"dfr;KJ695493_1;soil;TMP"
"dfr;KJ695547_1;soil;TMP"
"dfr;KJ696186_1;soil;TMP"
"dfr;KJ696518_1;soil;TMP"
"dfr;KJ696506_1;soil;SXT"
"dfr;KJ692382_1;soil;TMP"
"dfr;KJ693399_1;soil;TMP"
"dfr;KJ694382_1;soil;TMP"
"dfr;KJ694149_1;soil;SXT"
"dfr;KJ694605_1;soil;TMP"
"dfr;KJ694825_1;soil;SXT"
"dfr;KJ694790_1;soil;SXT"
"dfr;KJ692005_1;soil;TMP"
"dfr;KJ692803_1;soil;TMP"
"dfr;KJ692688_1;soil;TMP"
"dfr;KJ692717_1;soil;TMP"
"dfr;KJ692746_1;soil;TMP"
"dfr;KJ692972_1;soil;TMP"
"dfr;KJ692854_1;soil;TMP"
"dfr;KJ692915_1;soil;TMP"
"dfr;KJ694011_1;soil;TMP"
"dfr;KJ693819_1;soil;TMP"
"dfr;KJ693816_1;soil;SXT"
"dfr;KJ694069_1;soil;TMP"
"dfr;KJ694351_1;soil;TMP"
"dfr;KJ694536_1;soil;TMP"
"dfr;KJ694518_1;soil;TMP"
"dfr;KJ695002_1;soil;TMP"
"dfr;KJ694939_1;soil;TMP"
"dfr;KJ694976_1;soil;SXT"
"dfr;KJ695370_1;soil;TMP"
"dfr;KJ695355_1;soil;TMP"
"dfr;KJ695290_1;soil;TMP"
"dfr;KJ695634_1;soil;TMP"
"dfr;KJ695557_1;soil;TMP"
"dfr;KJ695814_1;soil;TMP"
"dfr;KJ695829_1;soil;TMP"
"dfr;KJ695968_1;soil;TMP"
"dfr;KJ696179_1;soil;TMP"
"dfr;KJ696017_1;soil;TMP"
"dfr;KJ696185_1;soil;TMP"
"dfr;KJ696416_1;soil;TMP"
"dfr;KJ696320_1;soil;TMP"
"dfr;KJ692074_1;soil;TMP"
"dfr;KJ692135_1;soil;TMP"
"dfr;KJ693325_1;soil;TMP"
"dfr;KJ693748_1;soil;TMP"
"dfr;KJ694012_1;soil;TMP"
"dfr;KJ693918_1;soil;TMP"
"dfr;KJ694343_1;soil;TMP"
"dfr;KJ694269_1;soil;SXT"
"dfr;KJ694803_1;soil;TMP"
"dfr;KJ694894_1;soil;TMP"
"dfr;KJ695044_1;soil;TMP"
"dfr;KJ694983_1;soil;TMP"
"dfr;KJ695540_1;soil;TMP"
"dfr;KJ695474_1;soil;TMP"
"dfr;KJ695769_1;soil;TMP"
"dfr;KJ695811_1;soil;TMP"
"dfr;KJ696507_1;soil;SXT"
"dfr;KJ692072_1;soil;SXT"
"dfr;KJ692737_1;soil;TMP"
"dfr;KJ693861_1;soil;SXT"
"dfr;KJ694070_1;soil;TMP"
"dfr;KJ694571_1;soil;TMP"
"dfr;KJ695299_1;soil;TMP"
"dfr;KJ695439_1;soil;TMP"
"dfr;KJ696081_1;soil;TMP"
"dfr;KJ695983_1;soil;TMP"
"dfr;KJ696199_1;soil;SXT"
"dfr;KJ692494_1;soil;TMP"
"dfr;KJ692498_1;soil;TMP"
"dfr;KJ692645_1;soil;SXT"
"dfr;KJ692697_1;soil;TMP"
"dfr;KJ693617_1;soil;TMP"
"dfr;KJ693810_1;soil;TMP"
"dfr;KJ693958_1;soil;TMP"
"dfr;KJ693893_1;soil;TMP"
"dfr;KJ693777_1;soil;SXT"
"dfr;KJ693883_1;soil;SXT"
"dfr;KJ694059_1;soil;TMP"
"dfr;KJ694389_1;soil;TMP"
"dfr;KJ694316_1;soil;TMP"
"dfr;KJ694496_1;soil;TMP"
"dfr;KJ694487_1;soil;TMP"
"dfr;KJ694779_1;soil;TMP"
"dfr;KJ694923_1;soil;TMP"
"dfr;KJ695185_1;soil;TMP"
"dfr;KJ695406_1;soil;TMP"
"dfr;KJ695441_1;soil;TMP"
"dfr;KJ695488_1;soil;TMP"
"dfr;KJ695653_1;soil;TMP"
"dfr;KJ695535_1;soil;TMP"
"dfr;KJ695516_1;soil;TMP"
"dfr;KJ695520_1;soil;TMP"
"dfr;KJ695802_1;soil;TMP"
"dfr;KJ695928_1;soil;TMP"
"dfr;KJ696073_1;soil;TMP"
"dfr;KJ696076_1;soil;TMP"
"dfr;KJ696002_1;soil;TMP"
"dfr;KJ696323_1;soil;TMP"
"dfr;KJ696337_1;soil;TMP"
"dfr;KJ692286_1;soil;TMP"
"dfr;KJ692900_1;soil;TMP"
"dfr;KJ693933_1;soil;TMP"
"dfr;KJ694440_1;soil;TMP"
"dfr;KJ694087_1;soil;TMP"
"dfr;KJ694619_1;soil;TMP"
"dfr;KJ695244_1;soil;TMP"
"dfr;KJ695729_1;soil;TMP"
"dfr;KJ696231_1;soil;TMP"
"dfr;KJ696354_1;soil;TMP"
"dfr;KJ692107_1;soil;TMP"
"dfr;KJ693291_1;soil;TMP"
"dfr;KJ693654_1;soil;TMP"
"dfr;KJ693589_1;soil;SXT"
"dfr;KJ693843_1;soil;TMP"
"dfr;KJ693889_1;soil;TMP"
"dfr;KJ693789_1;soil;SXT"
"dfr;KJ694442_1;soil;TMP"
"dfr;KJ692100_1;soil;TMP"
"dfr;KJ691914_1;soil;TMP"
"dfr;KJ691972_1;soil;TMP"
"dfr;KJ692029_1;soil;SXT"
"dfr;KJ692067_1;soil;SXT"
"dfr;KJ692272_1;soil;TMP"
"dfr;KJ692131_1;soil;TMP"
"dfr;KJ692637_1;soil;TMP"
"dfr;KJ692320_1;soil;TMP"
"dfr;KJ692609_1;soil;SXT"
"dfr;KJ692358_1;soil;SXT"
"dfr;KJ692916_1;soil;TMP"
"dfr;KJ692692_1;soil;TMP"
"dfr;KJ692698_1;soil;TMP"
"dfr;KJ693396_1;soil;TMP"
"dfr;KJ693100_1;soil;TMP"
"dfr;KJ693072_1;soil;SXT"
"dfr;KJ693452_1;soil;TMP"
"dfr;KJ693554_1;soil;TMP"
"dfr;KJ693559_1;soil;TMP"
"dfr;KJ693427_1;soil;TMP"
"dfr;KJ693525_1;soil;SXT"
"dfr;KJ693502_1;soil;SXT"
"dfr;KJ693749_1;soil;TMP"
"dfr;KJ693959_1;soil;TMP"
"dfr;KJ693826_1;soil;TMP"
"dfr;KJ693864_1;soil;TMP"
"dfr;KJ693857_1;soil;SXT"
"dfr;KJ693856_1;soil;SXT"
"dfr;KJ693878_1;soil;SXT"
"dfr;KJ693898_1;soil;SXT"
"dfr;KJ693899_1;soil;SXT"
"dfr;KJ693802_1;soil;SXT"
"dfr;KJ693731_1;soil;SXT"
"dfr;KJ693728_1;soil;SXT"
"dfr;KJ694024_1;soil;SXT"
"dfr;KJ693854_1;soil;SXT"
"dfr;KJ693850_1;soil;SXT"
"dfr;KJ694058_1;soil;TMP"
"dfr;KJ694061_1;soil;TMP"
"dfr;KJ694553_1;soil;SXT"
"dfr;KJ694689_1;soil;TMP"
"dfr;KJ694654_1;soil;TMP"
"dfr;KJ694672_1;soil;SXT"
"dfr;KJ695020_1;soil;TMP"
"dfr;KJ695254_1;soil;TMP"
"dfr;KJ695311_1;soil;TMP"
"dfr;KJ695570_1;soil;TMP"
"dfr;KJ695581_1;soil;TMP"
"dfr;KJ695847_1;soil;TMP"
"dfr;KJ695737_1;soil;TMP"
"dfr;KJ695998_1;soil;TMP"
"dfr;KJ696012_1;soil;TMP"
"dfr;KJ696299_1;soil;TMP"
"dfr;KJ696322_1;soil;TMP"
"dfr;KJ696382_1;soil;TMP"
"dfr;KJ696530_1;soil;TMP"
"dfr;KJ692101_1;soil;TMP"
"dfr;KJ691958_1;soil;TMP"
"dfr;KJ692453_1;soil;TMP"
"dfr;KJ692613_1;soil;SXT"
"dfr;KJ692354_1;soil;SXT"
"dfr;KJ692725_1;soil;TMP"
"dfr;KJ692810_1;soil;SXT"
"dfr;KJ693099_1;soil;TMP"
"dfr;KJ693212_1;soil;TMP"
"dfr;KJ693762_1;soil;TMP"
"dfr;KJ694032_1;soil;TMP"
"dfr;KJ694000_1;soil;TMP"
"dfr;KJ694409_1;soil;TMP"
"dfr;KJ694412_1;soil;TMP"
"dfr;KJ695157_1;soil;TMP"
"dfr;KJ695432_1;soil;TMP"
"dfr;KJ696008_1;soil;TMP"
"dfr;KJ693930_1;soil;TMP"
"dfr;KJ694060_1;soil;TMP"
"dfr;KJ696520_1;soil;TMP"
"dfr;KJ692376_1;soil;TMP"
"dfr;KJ692648_1;soil;SXT"
"dfr;KJ692750_1;soil;TMP"
"dfr;KJ692749_1;soil;TMP"
"dfr;KJ693328_1;soil;TMP"
"dfr;KJ693650_1;soil;TMP"
"dfr;KJ693891_1;soil;TMP"
"dfr;KJ694204_1;soil;TMP"
"dfr;KJ694091_1;soil;TMP"
"dfr;KJ694450_1;soil;SXT"
"dfr;KJ694521_1;soil;TMP"
"dfr;KJ694550_1;soil;SXT"
"dfr;KJ694612_1;soil;TMP"
"dfr;KJ694802_1;soil;TMP"
"dfr;KJ694994_1;soil;TMP"
"dfr;KJ695058_1;soil;TMP"
"dfr;KJ695012_1;soil;TMP"
"dfr;KJ695052_1;soil;SXT"
"dfr;KJ695228_1;soil;TMP"
"dfr;KJ695559_1;soil;TMP"
"dfr;KJ695632_1;soil;SXT"
"dfr;KJ695821_1;soil;TMP"
"dfr;KJ695809_1;soil;TMP"
"dfr;KJ696056_1;soil;TMP"
"dfr;KJ696234_1;soil;TMP"
"dfr;KJ696349_1;soil;TMP"
"dfr;KJ691959_1;soil;TMP"
"dfr;KJ692224_1;soil;TMP"
"dfr;KJ692618_1;soil;TMP"
"dfr;KJ693066_1;soil;TMP"
"dfr;KJ693242_1;soil;TMP"
"dfr;KJ693067_1;soil;SXT"
"dfr;KJ693511_1;soil;TMP"
"dfr;KJ693628_1;soil;TMP"
"dfr;KJ693815_1;soil;TMP"
"dfr;KJ693977_1;soil;TMP"
"dfr;KJ695011_1;soil;TMP"
"dfr;KJ695180_1;soil;TMP"
"dfr;KJ695486_1;soil;TMP"
"dfr;KJ695433_1;soil;TMP"
"dfr;KJ695435_1;soil;TMP"
"dfr;KJ695705_1;soil;TMP"
"dfr;KJ695887_1;soil;TMP"
"dfr;KJ695975_1;soil;TMP"
"dfr;KJ696016_1;soil;TMP"
"dfr;KJ695994_1;soil;TMP"
"dfr;KJ696111_1;soil;TMP"
"dfr;KJ696205_1;soil;TMP"
"dfr;KJ696218_1;soil;TMP"
"dfr;KJ696308_1;soil;TMP"
"dfr;KJ696235_1;soil;TMP"
"dfr;KJ691960_1;soil;TMP"
"dfr;KJ691974_1;soil;TMP"
"dfr;KJ692028_1;soil;SXT"
"dfr;KJ692432_1;soil;TMP"
"dfr;KJ692644_1;soil;SXT"
"dfr;KJ692985_1;soil;TMP"
"dfr;KJ693404_1;soil;SXT"
"dfr;KJ693401_1;soil;SXT"
"dfr;KJ694386_1;soil;TMP"
"dfr;KJ694317_1;soil;TMP"
"dfr;KJ694122_1;soil;SXT"
"dfr;KJ694433_1;soil;SXT"
"dfr;KJ694823_1;soil;SXT"
"dfr;KJ694958_1;soil;TMP"
"dfr;KJ695071_1;soil;TMP"
"dfr;KJ694966_1;soil;TMP"
"dfr;KJ695031_1;soil;SXT"
"dfr;KJ695200_1;soil;TMP"
"dfr;KJ695312_1;soil;TMP"
"dfr;KJ695342_1;soil;TMP"
"dfr;KJ695279_1;soil;TMP"
"dfr;KJ696013_1;soil;TMP"
"dfr;KJ696228_1;soil;TMP"
"dfr;KJ696225_1;soil;TMP"
"dfr;KJ696222_1;soil;TMP"
"dfr;KJ691938_1;soil;TMP"
"dfr;KJ692271_1;soil;TMP"
"dfr;KJ692316_1;soil;TMP"
"dfr;KJ693658_1;soil;TMP"
"dfr;KJ694297_1;soil;TMP"
"dfr;KJ695151_1;soil;TMP"
"dfr;KJ695625_1;soil;TMP"
"dfr;KJ695584_1;soil;TMP"
"dfr;KJ695967_1;soil;TMP"
"dfr;KJ696266_1;soil;TMP"
"dfr;KJ696180_1;soil;TMP"
"dfr;KJ696392_1;soil;TMP"
"dfr;KJ695778_1;soil;TMP"
"dfr;KJ692572_1;soil;TMP"
"dfr;KJ692738_1;soil;TMP"
"dfr;KJ692776_1;soil;SXT"
"dfr;KJ693103_1;soil;TMP"
"dfr;KJ694444_1;soil;TMP"
"dfr;KJ694690_1;soil;TMP"
"dfr;KJ694997_1;soil;TMP"
"dfr;KJ695032_1;soil;TMP"
"dfr;KJ695467_1;soil;TMP"
"dfr;KJ692069_1;soil;SXT"
"dfr;KJ692226_1;soil;TMP"
"dfr;KJ692774_1;soil;SXT"
"dfr;KJ694512_1;soil;TMP"
"dfr;KJ695122_1;soil;TMP"
"dfr;KJ696018_1;soil;TMP"
"dfr;KJ696401_1;soil;TMP"
"dfr;KJ692261_1;soil;TMP"
"dfr;KJ692690_1;soil;TMP"
"dfr;KJ692982_1;soil;TMP"
"dfr;KJ694455_1;soil;TMP"
"dfr;KJ695503_1;soil;TMP"
"dfr;KJ695957_1;soil;TMP"
"dfr;KJ692797_1;soil;TMP"
"dfr;KJ693708_1;soil;TMP"
"dfr;KJ693619_1;soil;TMP"
"dfr;KJ694121_1;soil;SXT"
"dfr;KJ694811_1;soil;TMP"
"dfr;KJ695086_1;soil;TMP"
"dfr;KJ695243_1;soil;TMP"
"dfr;KJ695315_1;soil;TMP"
"dfr;KJ695442_1;soil;TMP"
"dfr;KJ695780_1;soil;TMP"
"dfr;KJ696264_1;soil;TMP"
"dfr;KJ696196_1;soil;TMP"
"dfr;KJ696350_1;soil;TMP"
"dfr;KJ693131_1;soil;TMP"
"dfr;KJ694785_1;soil;TMP"
"dfr;KJ695268_1;soil;TMP"
"dfr;KJ695852_1;soil;TMP"
"dfr;KJ696279_1;soil;TMP"
"dfr;KJ696296_1;soil;TMP"
"dfr;KJ696243_1;soil;TMP"
"dfr;KJ694347_1;soil;TMP"
"dfr;KJ692038_1;soil;TMP"
"dfr;KJ692822_1;soil;TMP"
"dfr;KJ693101_1;soil;TMP"
"dfr;KJ694089_1;soil;TMP"
"dfr;KJ694510_1;soil;SXT"
"dfr;KJ694655_1;soil;TMP"
"dfr;KJ694981_1;soil;TMP"
"dfr;KJ694879_1;soil;TMP"
"dfr;KJ695514_1;soil;TMP"
"dfr;KJ695524_1;soil;TMP"
"dfr;KJ695988_1;soil;TMP"
"dfr;KJ696521_1;soil;TMP"
"dfr;KJ693706_1;soil;TMP"
"dfr;KJ694516_1;soil;TMP"
"dfr;KJ695643_1;soil;TMP"
"dfr;KJ695890_1;soil;TMP"
"dfr;KJ695900_1;soil;TMP"
"dfr;KJ695938_1;soil;SXT"
"dfr;KJ693644_1;soil;SXT"
"dfr;KJ694295_1;soil;TMP"
"dfr;KJ695610_1;soil;TMP"
"dfr;KJ692799_1;soil;TMP"
"dfr;KJ694125_1;soil;TMP"
"dfr;KJ694155_1;soil;TMP"
"dfr;KJ694415_1;soil;TMP"
"dfr;KJ694478_1;soil;TMP"
"dfr;KJ694632_1;soil;TMP"
"dfr;KJ694713_1;soil;TMP"
"dfr;KJ694712_1;soil;TMP"
"dfr;KJ694814_1;soil;TMP"
"dfr;KJ694842_1;soil;TMP"
"dfr;KJ695266_1;soil;TMP"
"dfr;KJ695537_1;soil;TMP"
"dfr;KJ696397_1;soil;TMP"
"dfr;KJ696468_1;soil;SXT"
"dfr;KJ693125_1;soil;TMP"
"dfr;KJ694719_1;soil;TMP"
"dfr;KJ695419_1;soil;TMP"
"dfr;KJ696015_1;soil;TMP"
"dfr;KJ692756_1;soil;TMP"
"dfr;KJ694501_1;soil;TMP"
"dfr;KJ694602_1;soil;TMP"
"dfr;KJ695519_1;soil;TMP"
"dfr;KJ692782_1;soil;TMP"
"dfr;KJ693674_1;soil;TMP"
"dfr;KJ693562_1;soil;TMP"
"dfr;KJ693874_1;soil;TMP"
"dfr;KJ694443_1;soil;TMP"
"dfr;KJ694714_1;soil;TMP"
"dfr;KJ695667_1;soil;TMP"
"dfr;KJ695630_1;soil;SXT"
"dfr;KJ696109_1;soil;TMP"
"dfr;KJ696353_1;soil;TMP"
"dfr;KJ694726_1;soil;TMP"
"dfr;KJ696256_1;soil;TMP"
"dfr;KJ696375_1;soil;TMP"
"dfr;KJ693760_1;soil;TMP"
"dfr;KJ693884_1;soil;SXT"
"dfr;KJ691931_1;soil;TMP"
"dfr;KJ693652_1;soil;TMP"
"dfr;KJ693965_1;soil;SXT"
"dfr;KJ693974_1;soil;SXT"
"dfr;KJ693894_1;soil;SXT"
"dfr;KJ694318_1;soil;TMP"
"dfr;KJ694539_1;soil;TMP"
"dfr;KJ695316_1;soil;TMP"
"dfr;KJ695284_1;soil;TMP"
"dfr;KJ695556_1;soil;TMP"
"dfr;KJ693431_1;soil;TMP"
"dfr;KJ695256_1;soil;TMP"
"dfr;KJ695307_1;soil;TMP"
"dfr;KJ695401_1;soil;TMP"
"dfr;KJ695656_1;soil;TMP"
"dfr;KJ696137_1;soil;TMP"
"dfr;KJ695184_1;soil;TMP"
"dfr;KJ692719_1;soil;TMP"
"dfr;KJ693435_1;soil;TMP"
"dfr;KJ693588_1;soil;TMP"
"dfr;KJ693505_1;soil;SXT"
"dfr;KJ694004_1;soil;SXT"
"dfr;KJ694364_1;soil;TMP"
"dfr;KJ694226_1;soil;TMP"
"dfr;KJ694520_1;soil;TMP"
"dfr;KJ694715_1;soil;TMP"
"dfr;KJ694854_1;soil;TMP"
"dfr;KJ695242_1;soil;TMP"
"dfr;KJ695274_1;soil;SXT"
"dfr;KJ695620_1;soil;TMP"
"dfr;KJ696338_1;soil;TMP"
"dfr;KJ696283_1;soil;TMP"
"dfr;KJ692321_1;soil;TMP"
"dfr;KJ692888_1;soil;TMP"
"dfr;KJ695808_1;soil;TMP"
"dfr;KJ692058_1;soil;TMP"
"dfr;KJ692002_1;soil;SXT"
"dfr;KJ692815_1;soil;TMP"
"dfr;KJ693630_1;soil;TMP"
"dfr;KJ693887_1;soil;TMP"
"dfr;KJ694097_1;soil;SXT"
"dfr;KJ694651_1;soil;TMP"
"dfr;KJ694899_1;soil;SXT"
"dfr;KJ695613_1;soil;TMP"
"dfr;KJ695762_1;soil;TMP"
"dfr;KJ695933_1;soil;TMP"
"dfr;KJ695966_1;soil;TMP"
"dfr;KJ696394_1;soil;TMP"
"dfr;KJ692108_1;soil;TMP"
"dfr;KJ694662_1;soil;TMP"
"dfr;KJ694118_1;soil;TMP"
"dfr;KJ695720_1;soil;TMP"
"dfr;KJ693130_1;soil;TMP"
"dfr;KJ694177_1;soil;TMP"
"dfr;KJ695282_1;soil;TMP"
"dfr;KJ695571_1;soil;TMP"
"dfr;KJ695534_1;soil;TMP"
"dfr;KJ695631_1;soil;SXT"
"dfr;KJ696376_1;soil;TMP"
"dfr;KJ696480_1;soil;TMP"
"dfr;KJ692865_1;soil;TMP"
"dfr;KJ693746_1;soil;TMP"
"dfr;KJ695155_1;soil;TMP"
"dfr;KJ695636_1;soil;TMP"
"dfr;KJ692680_1;soil;TMP"
"dfr;KJ696399_1;soil;TMP"
"dfr;KJ691968_1;soil;TMP"
"dfr;KJ693940_1;soil;TMP"
"dfr;KJ695782_1;soil;TMP"
"dfr;KJ694497_1;soil;TMP"
"dfr;KJ693742_1;soil;SXT"
"dfr;KJ692061_1;soil;TMP"
"dfr;KJ692570_1;soil;TMP"
"dfr;KJ695662_1;soil;TMP"
"dfr;KJ694745_1;soil;TMP"
"dfr;KJ695927_1;soil;TMP"
"dfr;KJ692779_1;soil;SXT"
"dfr;KJ695381_1;soil;TMP"
"dfr;KJ695159_1;soil;TMP"
"dfr;KJ695713_1;soil;TMP"
"dfr;KJ691932_1;soil;TMP"
"dfr;KJ692377_1;soil;TMP"
"dfr;KJ692892_1;soil;TMP"
"dfr;KJ695521_1;soil;TMP"
"dfr;KJ693847_1;soil;TMP"
"dfr;KJ695264_1;soil;TMP"
"dfr;KJ695761_1;soil;TMP"
"dfr;KJ695573_1;soil;TMP"
"dfr;KJ696442_1;soil;TMP"
"dfr;KJ692102_1;soil;TMP"
"dfr;KJ692173_1;soil;TMP"
"dfr;KJ692357_1;soil;SXT"
"dfr;KJ695522_1;soil;TMP"
"dfr;KJ695914_1;soil;TMP"
"dfr;KJ693747_1;soil;TMP"
"dfr;KJ694502_1;soil;TMP"
"dfr;KJ694808_1;soil;TMP"
"dfr;KJ696024_1;soil;TMP"
"dfr;KJ694860_1;soil;TMP"
"dfr;KJ696224_1;soil;TMP"
"dfr;KJ692170_1;soil;TMP"
"dfr;KJ694067_1;soil;TMP"
"dfr;KJ692910_1;soil;TMP"
"dfr;KJ695873_1;soil;TMP"
"dfr;KJ696078_1;soil;TMP"
"dfr;KJ696245_1;soil;TMP"
"dfr;KJ693213_1;soil;TMP"
"dfr;KJ692495_1;soil;TMP"
"dfr;KJ691954_1;soil;SXT"
"dfr;KJ693600_1;soil;SXT"
"dfr;KJ695354_1;soil;TMP"
"dfr;KJ695972_1;soil;TMP"
"dfr;KJ695232_1;soil;TMP"
"dfr;KJ695253_1;soil;TMP"
"dfr;KJ695965_1;soil;TMP"
"dfr;KJ695892_1;soil;TMP"
"dfr;KJ693405_1;soil;SXT"
"dfr;KJ692911_1;soil;TMP"
"dfr;KJ693627_1;soil;TMP"
"dfr;KJ695846_1;soil;TMP"
"dfr;KJ695344_1;soil;TMP"
"dfr;KJ695764_1;soil;TMP"
"dfr;KJ693537_1;soil;TMP"
"dfr;KJ695407_1;soil;TMP"
"dfr;KJ693844_1;soil;TMP"
"dfr;KJ694887_1;soil;SXT"
"dfr;KJ693848_1;soil;TMP"
"dfr;KJ694818_1;soil;TMP"
"dfr;KF626916.1;feces;TMP"
"dfr;KF627303.1;feces;TMP"
"dfr;KF628188.1;feces;TMP"
"dfr;KF628377.1;feces;TMP"
"dfr;KF628756.1;feces;TMP"
"dfr;KF629448.1;feces;TMP"
"dfr;KF626862.1;feces;TMP"
"dfr;KF626933.1;feces;TMP"
"dfr;KF627075.1;feces;TMP"
"dfr;KF627302.1;feces;TMP"
"dfr;KF627508.1;feces;TMP"
"dfr;KF627604.1;feces;TMP"
"dfr;KF627879.1;feces;TMP"
"dfr;KF627983.1;feces;TMP"
"dfr;KF628134.1;feces;TMP"
"dfr;KF628145.1;feces;TMP"
"dfr;KF629186.1;feces;TMP"
"dfr;KF629219.1;feces;TMP"
"dfr;KF629436.1;feces;TMP"
"dfr;KF629827.1;feces;TMP"
"dfr;KF629934.1;feces;TMP"
"dfr;KF626917.1;feces;TMP"
"dfr;KF627333.1;feces;TMP"
"dfr;KF627530.1;feces;TMP"
"dfr;KF628140.1;feces;TMP"
"dfr;KF628198.1;feces;TMP"
"dfr;KF628402.1;feces;TMP"
"dfr;KF628824.1;feces;TMP"
"dfr;KF628946.1;feces;TMP"
"dfr;KF629031.1;feces;TMP"
"dfr;KF629225.1;feces;TMP"
"dfr;KF626840.1;feces;TMP"
"dfr;KF626884.1;feces;TMP"
"dfr;KF626914.1;feces;TMP"
"dfr;KF626915.1;feces;TMP"
"dfr;KF626948.1;feces;TMP"
"dfr;KF626964.1;feces;TMP"
"dfr;KF627233.1;feces;TMP"
"dfr;KF627599.1;feces;TMP"
"dfr;KF627868.1;feces;TMP"
"dfr;KF628124.1;feces;TMP"
"dfr;KF628143.1;feces;TMP"
"dfr;KF628162.1;feces;TMP"
"dfr;KF628210.1;feces;TMP"
"dfr;KF628527.1;feces;TMP"
"dfr;KF628900.1;feces;TMP"
"dfr;KF629232.1;feces;TMP"
"dfr;KF626808.1;feces;TMP"
"dfr;KF626838.1;feces;TMP"
"dfr;KF626876.1;feces;TMP"
"dfr;KF626880.1;feces;TMP"
"dfr;KF626881.1;feces;TMP"
"dfr;KF626882.1;feces;TMP"
"dfr;KF626946.1;feces;TMP"
"dfr;KF627065.1;feces;TMP"
"dfr;KF627276.1;feces;TMP"
"dfr;KF627458.1;feces;TMP"
"dfr;KF627518.1;feces;TMP"
"dfr;KF627567.1;feces;TMP"
"dfr;KF627572.1;feces;TMP"
"dfr;KF627580.1;feces;TMP"
"dfr;KF627593.1;feces;TMP"
"dfr;KF627729.1;feces;TMP"
"dfr;KF627806.1;feces;TMP"
"dfr;KF627974.1;feces;TMP"
"dfr;KF628206.1;feces;TMP"
"dfr;KF628264.1;feces;TMP"
"dfr;KF628473.1;feces;TMP"
"dfr;KF628862.1;feces;TMP"
"dfr;KF628909.1;feces;TMP"
"dfr;KF628912.1;feces;TMP"
"dfr;KF629072.1;feces;TMP"
"dfr;KF629190.1;feces;TMP"
"dfr;KF629243.1;feces;TMP"
"dfr;KF629299.1;feces;TMP"
"dfr;KF629329.1;feces;TMP"
"dfr;KF629347.1;feces;TMP"
"dfr;KF629349.1;feces;TMP"
"dfr;KF629413.1;feces;TMP"
"dfr;KF629555.1;feces;TMP"
"dfr;KF629705.1;feces;TMP"
"dfr;KF629739.1;feces;TMP"
"dfr;KF629895.1;feces;TMP"
"dfr;KF630093.1;feces;TMP"
"dfr;KF630094.1;feces;TMP"
"dfr;KF630204.1;feces;TMP"
"dfr;KF626783.1;feces;TMP"
"dfr;KF626821.1;feces;TMP"
"dfr;KF626864.1;feces;TMP"
"dfr;KF626873.1;feces;TMP"
"dfr;KF626890.1;feces;TMP"
"dfr;KF626918.1;feces;TMP"
"dfr;KF626944.1;feces;TMP"
"dfr;KF626957.1;feces;TMP"
"dfr;KF627086.1;feces;TMP"
"dfr;KF627301.1;feces;TMP"
"dfr;KF627477.1;feces;TMP"
"dfr;KF627491.1;feces;TMP"
"dfr;KF627615.1;feces;TMP"
"dfr;KF627681.1;feces;TMP"
"dfr;KF627753.1;feces;TMP"
"dfr;KF627827.1;feces;TMP"
"dfr;KF627947.1;feces;TMP"
"dfr;KF628044.1;feces;TMP"
"dfr;KF628059.1;feces;TMP"
"dfr;KF628086.1;feces;TMP"
"dfr;KF628119.1;feces;TMP"
"dfr;KF628181.1;feces;TMP"
"dfr;KF628197.1;feces;TMP"
"dfr;KF628393.1;feces;TMP"
"dfr;KF628460.1;feces;TMP"
"dfr;KF628477.1;feces;TMP"
"dfr;KF628539.1;feces;TMP"
"dfr;KF629429.1;feces;TMP"
"dfr;KF629477.1;feces;TMP"
"dfr;KF629516.1;feces;TMP"
"dfr;KF629554.1;feces;TMP"
"dfr;KF629572.1;feces;TMP"
"dfr;KF629574.1;feces;TMP"
"dfr;KF629632.1;feces;TMP"
"dfr;KF629642.1;feces;TMP"
"dfr;KF629732.1;feces;TMP"
"dfr;KF629896.1;feces;TMP"
"dfr;KF629897.1;feces;TMP"
"dfr;KF630008.1;feces;TMP"
"dfr;KF626781.1;feces;TMP"
"dfr;KF626842.1;feces;TMP"
"dfr;KF626850.1;feces;TMP"
"dfr;KF626866.1;feces;TMP"
"dfr;KF626958.1;feces;TMP"
"dfr;KF626983.1;feces;TMP"
"dfr;KF626990.1;feces;TMP"
"dfr;KF627004.1;feces;TMP"
"dfr;KF627019.1;feces;TMP"
"dfr;KF627022.1;feces;TMP"
"dfr;KF627062.1;feces;TMP"
"dfr;KF627070.1;feces;TMP"
"dfr;KF627123.1;feces;TMP"
"dfr;KF627130.1;feces;TMP"
"dfr;KF627170.1;feces;TMP"
"dfr;KF627178.1;feces;TMP"
"dfr;KF627179.1;feces;TMP"
"dfr;KF627199.1;feces;TMP"
"dfr;KF627501.1;feces;TMP"
"dfr;KF627570.1;feces;TMP"
"dfr;KF627597.1;feces;TMP"
"dfr;KF627744.1;feces;TMP"
"dfr;KF627786.1;feces;TMP"
"dfr;KF627799.1;feces;TMP"
"dfr;KF627865.1;feces;TMP"
"dfr;KF627887.1;feces;TMP"
"dfr;KF627911.1;feces;TMP"
"dfr;KF628094.1;feces;TMP"
"dfr;KF628112.1;feces;TMP"
"dfr;KF628117.1;feces;TMP"
"dfr;KF628163.1;feces;TMP"
"dfr;KF628212.1;feces;TMP"
"dfr;KF628388.1;feces;TMP"
"dfr;KF628529.1;feces;TMP"
"dfr;KF628604.1;feces;TMP"
"dfr;KF628650.1;feces;TMP"
"dfr;KF628657.1;feces;TMP"
"dfr;KF628672.1;feces;TMP"
"dfr;KF628762.1;feces;TMP"
"dfr;KF628955.1;feces;TMP"
"dfr;KF629163.1;feces;TMP"
"dfr;KF629251.1;feces;TMP"
"dfr;KF629287.1;feces;TMP"
"dfr;KF629305.1;feces;TMP"
"dfr;KF629391.1;feces;TMP"
"dfr;KF629420.1;feces;TMP"
"dfr;KF629437.1;feces;TMP"
"dfr;KF629480.1;feces;TMP"
"dfr;KF629536.1;feces;TMP"
"dfr;KF629669.1;feces;TMP"
"dfr;KF629811.1;feces;TMP"
"dfr;KF629838.1;feces;TMP"
"dfr;KF629858.1;feces;TMP"
"dfr;KF629990.1;feces;TMP"
"dfr;KF630115.1;feces;TMP"
"dfr;KF630320.1;feces;TMP"
"dfr;KF626780.1;feces;TMP"
"dfr;KF627165.1;feces;TMP"
"dfr;KF627421.1;feces;TMP"
"dfr;KF627485.1;feces;TMP"
"dfr;KF627515.1;feces;TMP"
"dfr;KF627693.1;feces;TMP"
"dfr;KF627976.1;feces;TMP"
"dfr;KF628101.1;feces;TMP"
"dfr;KF628328.1;feces;TMP"
"dfr;KF628696.1;feces;TMP"
"dfr;KF628864.1;feces;TMP"
"dfr;KF629065.1;feces;TMP"
"dfr;KF630025.1;feces;TMP"
"dfr;KF630061.1;feces;TMP"
"dfr;KF630358.1;feces;TMP"
"dfr;KF627367.1;feces;TMP"
"dfr;KF627479.1;feces;TMP"
"dfr;KF627679.1;feces;TMP"
"dfr;KF627688.1;feces;TMP"
"dfr;KF628725.1;feces;TMP"
"dfr;KF628742.1;feces;TMP"
"dfr;KF629736.1;feces;TMP"
"dfr;KF629791.1;feces;TMP"
"dfr;KF626877.1;feces;TMP"
"dfr;KF626883.1;feces;TMP"
"dfr;KF627159.1;feces;TMP"
"dfr;KF627353.1;feces;TMP"
"dfr;KF627472.1;feces;TMP"
"dfr;KF627676.1;feces;TMP"
"dfr;KF627779.1;feces;TMP"
"dfr;KF627871.1;feces;TMP"
"dfr;KF627882.1;feces;TMP"
"dfr;KF628083.1;feces;TMP"
"dfr;KF628110.1;feces;TMP"
"dfr;KF628207.1;feces;TMP"
"dfr;KF628252.1;feces;TMP"
"dfr;KF628358.1;feces;TMP"
"dfr;KF629301.1;feces;TMP"
"dfr;KF629313.1;feces;TMP"
"dfr;KF629356.1;feces;TMP"
"dfr;KF629602.1;feces;TMP"
"dfr;KF629693.1;feces;TMP"
"dfr;KF629921.1;feces;TMP"
"dfr;KF629998.1;feces;TMP"
"dfr;KF630067.1;feces;TMP"
"dfr;KF627038.1;feces;TMP"
"dfr;KF627674.1;feces;TMP"
"dfr;KF627810.1;feces;TMP"
"dfr;KF628013.1;feces;TMP"
"dfr;KF628233.1;feces;TMP"
"dfr;KF628671.1;feces;TMP"
"dfr;KF626925.1;feces;TMP"
"dfr;KF627467.1;feces;TMP"
"dfr;KF627603.1;feces;TMP"
"dfr;KF627801.1;feces;TMP"
"dfr;KF629798.1;feces;TMP"
"dfr;KF626812.1;feces;TMP"
"dfr;KF627100.1;feces;TMP"
"dfr;KF628944.1;feces;TMP"
"dfr;KF629302.1;feces;TMP"
"dfr;KF629522.1;feces;TMP"
"dfr;KF626846.1;feces;TMP"
"dfr;KF627987.1;feces;TMP"
"dfr;KF628679.1;feces;TMP"
"dfr;KF628777.1;feces;TMP"
"dfr;KF629210.1;feces;TMP"
"dfr;KF629351.1;feces;TMP"
"dfr;KF626973.1;feces;TMP"
"dfr;KF627235.1;feces;TMP"
"dfr;KF627623.1;feces;TMP"
"dfr;KF627829.1;feces;TMP"
"dfr;KF627933.1;feces;TMP"
"dfr;KF628155.1;feces;TMP"
"dfr;KF628261.1;feces;TMP"
"dfr;KF628269.1;feces;TMP"
"dfr;KF628614.1;feces;TMP"
"dfr;KF629369.1;feces;TMP"
"dfr;KF629797.1;feces;TMP"
"dfr;KF629918.1;feces;TMP"
"dfr;KF630222.1;feces;TMP"
"dfr;KF630338.1;feces;TMP"
"dfr;KF626871.1;feces;TMP"
"dfr;KF627516.1;feces;TMP"
"dfr;KF627812.1;feces;TMP"
"dfr;KF628220.1;feces;TMP"
"dfr;KF626817.1;feces;TMP"
"dfr;KF626960.1;feces;TMP"
"dfr;KF627554.1;feces;TMP"
"dfr;KF627710.1;feces;TMP"
"dfr;KF628324.1;feces;TMP"
"dfr;KF629890.1;feces;TMP"
"dfr;KF627026.1;feces;TMP"
"dfr;KF627622.1;feces;TMP"
"dfr;KF628009.1;feces;TMP"
"dfr;KF628195.1;feces;TMP"
"dfr;KF628827.1;feces;TMP"
"dfr;KF629394.1;feces;TMP"
"dfr;KF628211.1;feces;TMP"
"dfr;KF628925.1;feces;TMP"
"dfr;KF629892.1;feces;TMP"
"dfr;KF627813.1;feces;TMP"
"dfr;KF628038.1;feces;TMP"
"dfr;KF629337.1;feces;TMP"
"dfr;KF629717.1;feces;TMP"
"dfr;KF630038.1;feces;TMP"
"dfr;KF630132.1;feces;TMP"
"dfr;KF627037.1;feces;TMP"
"dfr;KF627356.1;feces;TMP"
"dfr;KF628177.1;feces;TMP"
"dfr;KF629291.1;feces;TMP"
"dfr;KF629501.1;feces;TMP"
"dfr;KF628308.1;feces;TMP"
"dfr;KF629458.1;feces;TMP"
"dfr;KF628382.1;feces;TMP"
"dfr;KF627610.1;feces;TMP"
"dfr;KF627381.1;feces;TMP"
"dfr;KF627880.1;feces;TMP"
"dfr;KF628068.1;feces;TMP"
"dfr;KF628896.1;feces;TMP"
"dfr;KF626941.1;feces;TMP"
"dfr;KF627052.1;feces;TMP"
"dfr;KF628302.1;feces;TMP"
"dfr;KF629517.1;feces;TMP"
"dfr;KF627384.1;feces;TMP"
"dfr;KF628221.1;feces;TMP"
"dfr;KF628298.1;feces;TMP"
"dfr;KF629621.1;feces;TMP"
"dfr;KF627795.1;feces;SXT"
"dfr;KF628214.1;feces;SXT"
"dfr;KF628186.1;feces;SXT"
"dfr;KF629142.1;feces;SXT"
"dfr;KF629825.1;feces;SXT"
"dfr;KF627566.1;feces;SXT"
"dfr;KF628131.1;feces;SXT"
"dfr;KF629348.1;feces;SXT"
"dfr;KF629444.1;feces;SXT"
"dfr;KF627126.1;feces;SXT"
"dfr;KF627289.1;feces;SXT"
"dfr;KF627366.1;feces;SXT"
"dfr;KF627497.1;feces;SXT"
"dfr;KF627507.1;feces;SXT"
"dfr;KF627563.1;feces;SXT"
"dfr;KF627695.1;feces;SXT"
"dfr;KF627712.1;feces;SXT"
"dfr;KF627830.1;feces;SXT"
"dfr;KF629082.1;feces;SXT"
"dfr;KF629270.1;feces;SXT"
"dfr;KF629752.1;feces;SXT"
"dfr;KF629783.1;feces;SXT"
"dfr;KF629967.1;feces;SXT"
"dfr;KF629994.1;feces;SXT"
"dfr;KF626931.1;feces;SXT"
"dfr;KF626966.1;feces;SXT"
"dfr;KF627045.1;feces;SXT"
"dfr;KF627548.1;feces;SXT"
"dfr;KF627732.1;feces;SXT"
"dfr;KF627780.1;feces;SXT"
"dfr;KF628459.1;feces;SXT"
"dfr;KF628562.1;feces;SXT"
"dfr;KF628640.1;feces;SXT"
"dfr;KF627236.1;feces;SXT"
"dfr;KF627319.1;feces;SXT"
"dfr;KF627323.1;feces;SXT"
"dfr;KF627524.1;feces;SXT"
"dfr;KF627678.1;feces;SXT"
"dfr;KF627785.1;feces;SXT"
"dfr;KF628070.1;feces;SXT"
"dfr;KF628192.1;feces;SXT"
"dfr;KF628570.1;feces;SXT"
"dfr;KF628639.1;feces;SXT"
"dfr;KF628804.1;feces;SXT"
"dfr;KF629033.1;feces;SXT"
"dfr;KF629332.1;feces;SXT"
"dfr;KF629715.1;feces;SXT"
"dfr;KF629893.1;feces;SXT"
"dfr;KF629931.1;feces;SXT"
"dfr;KF630131.1;feces;SXT"
"dfr;KF628608.1;feces;SXT"
"dfr;KF627295.1;feces;SXT"
"dfr;KF627483.1;feces;SXT"
"dfr;KF627831.1;feces;SXT"
"dfr;KF627996.1;feces;SXT"
"dfr;KF628362.1;feces;SXT"
"dfr;KF628587.1;feces;SXT"
"dfr;KF628612.1;feces;SXT"
"dfr;KF629911.1;feces;SXT"
"dfr;KF630308.1;feces;SXT"
"dfr;KF628807.1;feces;SXT"
"dfr;KF626934.1;feces;SXT"
"dfr;KF627350.1;feces;SXT"
"dfr;KF627876.1;feces;SXT"
"dfr;KF629821.1;feces;SXT"
"dfr;KF626956.1;feces;SXT"
"dfr;KF626962.1;feces;SXT"
"dfr;KF627587.1;feces;SXT"
"dfr;KF628024.1;feces;SXT"
"dfr;KF628457.1;feces;SXT"
"dfr;KF629025.1;feces;SXT"
"dfr;KF629293.1;feces;SXT"
"dfr;KF627742.1;feces;SXT"
"dfr;KF629233.1;feces;SXT"
"dfr;KF627122.1;feces;SXT"
"dfr;KF628486.1;feces;SXT"
"dfr;KF627490.1;feces;SXT"
"dfr;KF627722.1;feces;SXT"
"dfr;KF627128.1;feces;SXT"
"dfr;KF627649.1;feces;SXT"
"dfr;KF629734.1;feces;SXT"
"dfr;KF629884.1;feces;SXT"
"dfr;KF629976.1;feces;SXT"
"dfr;KF627843.1;feces;SXT"
"dfr;KF628631.1;feces;SXT"
"dfr;KF629922.1;feces;SXT"
"dfr;KF628167.1;feces;SXT"
"dfr;KF626982.1;feces;SXT"
"dfr;KF628300.1;feces;SXT"
"dfr;KF629387.1;feces;SXT"
"dfr;KF627647.1;feces;SXT"
"dfr;KF626848.1;feces;SXT"
"dfr;KF627445.1;feces;SXT"
"dfr;KF627716.1;feces;TMP"
"dfr;KF626858.1;feces;TMP"
"dfr;KF629993.1;feces;TMP"
"dfr;KF629742.1;feces;TMP"
"dfr;KF628329.1;feces;TMP"
"dfr;KF628157.1;feces;TMP"
"dfr;KF629534.1;feces;TMP"
"dfr;KF626804.1;feces;TMP"
"dfr;KF629158.1;feces;TMP"
"dfr;KF627666.1;feces;TMP"
"dfr;KF630013.1;feces;TMP"
"dfr;KF627248.1;feces;TMP"
"dfr;KF628158.1;feces;TMP"
"dfr;KF629188.1;feces;TMP"
"dfr;KF629613.1;feces;TMP"
"dfr;KF630070.1;feces;TMP"
"dfr;KF627546.1;feces;TMP"
"dfr;KF628079.1;feces;TMP"
"dfr;KF629733.1;feces;TMP"
"dfr;KF627031.1;feces;TMP"
"dfr;KF628089.1;feces;TMP"
"dfr;KF630082.1;feces;TMP"
"dfr;KF627300.1;feces;SXT"
"dfr;KF627083.1;feces;SXT"
"dfr;KF630355.1;feces;SXT"
"dfr;KF627448.1;feces;SXT"
"dfr;KF627023.1;feces;SXT"
"dfr;KF630148.1;feces;SXT"
"efflux_pump;KU548596.1;soil;CHL"
"efflux_pump;KU547043.1;latrine;CHL"
"efflux_pump;KU546555.1;feces;CHL"
"efflux_pump;KU547050.1;latrine;CHL"
"efflux_pump;KU548456.1;soil;CHL"
"efflux_pump;KU547061.1;latrine;CHL"
"efflux_pump;KU544031.1;sewage;CHL"
"efflux_pump;KU548442.1;soil;CHL"
"efflux_pump;KU548152.1;latrine;CHL"
"efflux_pump;KU544040.1;sewage;CHL"
"efflux_pump;KU544501.1;sewage;CHL"
"efflux_pump;KU546654.1;feces;CHL"
"efflux_pump;KU547045.1;latrine;CHL"
"efflux_pump;KU547048.1;latrine;CHL"
"efflux_pump;KU547150.1;latrine;CHL"
"efflux_pump;KU547760.1;latrine;CHL"
"efflux_pump;KU548155.1;latrine;CHL"
"efflux_pump;KU548417.1;soil;CHL"
"efflux_pump;KU548149.1;latrine;CHL"
"efflux_pump;KU548376.1;latrine;TET"
"efflux_pump;KU548711.1;soil;TET"
"efflux_pump;KU544455.1;sewage;TET"
"efflux_pump;KU548715.1;soil;TET"
"qnr;KU548326.1;latrine;CIP"
"tet_efflux;GQ343149.1;feces;OXY"
"tet_efflux;KU547117.1;latrine;TET"
"tet_efflux;KU547095.1;latrine;TET"
"tet_efflux;KU545892.1;feces;TET"
"tet_efflux;KU543718.1;feces;TET"
"tet_efflux;KU544465.1;sewage;TGC"
"tet_efflux;KU544784.1;sewage;TET"
"tet_efflux;KU544796.1;sewage;TET"
"tet_efflux;KU545910.1;feces;TET"
"tet_efflux;KU547751.1;latrine;TET"
"tet_efflux;KU548191.1;latrine;TET"
"tet_efflux;KU548366.1;latrine;TET"
"tet_efflux;KU544458.1;sewage;TET"
"tet_efflux;KU545777.1;feces;TET"
"tet_efflux;KU546723.1;feces;TET"
"tet_efflux;KU544451.1;sewage;TET"
"tet_efflux;KU544792.1;sewage;TET"
"tet_efflux;KU544912.1;feces;TET"
"tet_efflux;KU545776.1;feces;TET"
"tet_efflux;KU548358.1;latrine;TET"
"tet_efflux;KU547106.1;latrine;TET"
"tet_efflux;KU548382.1;latrine;TET"
"tet_efflux;KU548378.1;latrine;TET"
"tet_efflux;KU544473.1;sewage;TGC"
"tet_efflux;KU546496.1;feces;TGC"
"tet_efflux;KU548943.1;feces;TGC"
"tet_efflux;GQ343144.1;feces;MIN"
"tet_protection;GQ343142.1;feces;MIN"
"tet_protection;KU543818.1;feces;TET"
"tet_protection;KU543905.1;feces;TET"
"tet_protection;KU545256.1;feces;TET"
"tet_protection;KU547019.1;feces;TET"
"tet_protection;KU547713.1;feces;TET"
"tet_protection;KU548837.1;feces;TET"
"tet_protection;KU548862.1;feces;TET"
"tet_protection;KU546821.1;feces;TET"
"tet_protection;KU546872.1;feces;TET"
"tet_protection;KF628007.1;feces;TET"
"tet_protection;KF628179.1;feces;TET"
"tet_protection;KF628871.1;feces;TET"
"tet_protection;KF629242.1;feces;TET"
"tet_protection;KF629518.1;feces;TET"
"tet_protection;KF630139.1;feces;TET"
"tet_protection;KF629446.1;feces;TET"
"tet_protection;KU548969.1;feces;TET"
"tet_protection;KU545712.1;feces;TET"
"tet_protection;KU545781.1;feces;TET"
"tet_protection;KU548962.1;feces;TET"
"tet_protection;KU549043.1;feces;TET"
"tet_protection;KU543719.1;feces;TET"
"tet_protection;KU544918.1;feces;TET"
"tet_protection;KU544954.1;feces;TET"
"tet_protection;KU545393.1;feces;TET"
"tet_protection;KU546029.1;feces;TET"
"tet_protection;KU546369.1;feces;TET"
"tet_protection;KU546375.1;feces;TET"
"tet_protection;KU546826.1;feces;TET"
"tet_protection;KU548356.1;latrine;TET"
"tet_protection;KU543782.1;feces;TET"
"tet_protection;KU543820.1;feces;TET"
"tet_protection;KU545044.1;feces;TET"
"tet_protection;KU545260.1;feces;TET"
"tet_protection;KU545385.1;feces;TET"
"tet_protection;KU545550.1;feces;TET"
"tet_protection;KU545939.1;feces;TET"
"tet_protection;KU546039.1;feces;TET"
"tet_protection;KU546373.1;feces;TET"
"tet_protection;KU547111.1;latrine;TET"
"tet_protection;KU549038.1;feces;TET"
"tet_protection;KF626700.1;feces;TET"
"tet_protection;KF627305.1;feces;TET"
"tet_protection;KF628959.1;feces;TET"
"tet_protection;KF629017.1;feces;TET"
"tet_protection;KF629195.1;feces;TET"
"tet_protection;KF628976.1;feces;TET"
"tet_protection;KF628629.1;feces;TET"
"tet_protection;KF630268.1;feces;TET"
"tet_protection;KU543761.1;feces;TET"
"tet_protection;KU543781.1;feces;TET"
"tet_protection;KU543829.1;feces;TET"
"tet_protection;KU543897.1;feces;TET"
"tet_protection;KU544447.1;sewage;TET"
"tet_protection;KU544913.1;feces;TET"
"tet_protection;KU544950.1;feces;TET"
"tet_protection;KU545045.1;feces;TET"
"tet_protection;KU545049.1;feces;TET"
"tet_protection;KU545068.1;feces;TET"
"tet_protection;KU545108.1;feces;TET"
"tet_protection;KU545110.1;feces;TET"
"tet_protection;KU545163.1;feces;TET"
"tet_protection;KU545174.1;feces;TET"
"tet_protection;KU545297.1;feces;TET"
"tet_protection;KU545386.1;feces;TET"
"tet_protection;KU545391.1;feces;TET"
"tet_protection;KU545397.1;feces;TET"
"tet_protection;KU545473.1;feces;TET"
"tet_protection;KU545614.1;feces;TET"
"tet_protection;KU545699.1;feces;TET"
"tet_protection;KU545887.1;feces;TET"
"tet_protection;KU545906.1;feces;TET"
"tet_protection;KU545908.1;feces;TET"
"tet_protection;KU546032.1;feces;TET"
"tet_protection;KU546035.1;feces;TET"
"tet_protection;KU546356.1;feces;TET"
"tet_protection;KU546486.1;feces;TET"
"tet_protection;KU546620.1;feces;TET"
"tet_protection;KU546681.1;feces;TET"
"tet_protection;KU546818.1;feces;TET"
"tet_protection;KU546939.1;feces;TET"
"tet_protection;KU547013.1;feces;TET"
"tet_protection;KU547023.1;feces;TET"
"tet_protection;KU547024.1;feces;TET"
"tet_protection;KU547093.1;latrine;TET"
"tet_protection;KU547317.1;feces;TET"
"tet_protection;KU547323.1;feces;TET"
"tet_protection;KU547352.1;feces;TET"
"tet_protection;KU547355.1;feces;TET"
"tet_protection;KU547447.1;feces;TET"
"tet_protection;KU547577.1;feces;TET"
"tet_protection;KU547630.1;feces;TET"
"tet_protection;KU547660.1;feces;TET"
"tet_protection;KU547704.1;feces;TET"
"tet_protection;KU547708.1;feces;TET"
"tet_protection;KU547709.1;feces;TET"
"tet_protection;KU547935.1;latrine;TET"
"tet_protection;KU547937.1;latrine;TET"
"tet_protection;KU548364.1;latrine;TET"
"tet_protection;KU548833.1;feces;TET"
"tet_protection;KU548866.1;feces;TET"
"tet_protection;KU548973.1;feces;TET"
"tet_protection;KU549010.1;feces;TET"
"tet_protection;KU549044.1;feces;TET"
"tet_protection;KU547446.1;feces;TET"
"tet_protection;KU546683.1;feces;TET"
"tet_protection;KF626853.1;feces;TET"
"tet_protection;KF627030.1;feces;TET"
"tet_protection;KF627184.1;feces;TET"
"tet_protection;KF627464.1;feces;TET"
"tet_protection;KF628073.1;feces;TET"
"tet_protection;KF628151.1;feces;TET"
"tet_protection;KF628236.1;feces;TET"
"tet_protection;KF628314.1;feces;TET"
"tet_protection;KF628533.1;feces;TET"
"tet_protection;KF628599.1;feces;TET"
"tet_protection;KF628635.1;feces;TET"
"tet_protection;KF628692.1;feces;TET"
"tet_protection;KF628855.1;feces;TET"
"tet_protection;KF628856.1;feces;TET"
"tet_protection;KF628998.1;feces;TET"
"tet_protection;KF629327.1;feces;TET"
"tet_protection;KF629514.1;feces;TET"
"tet_protection;KF629753.1;feces;TET"
"tet_protection;KF629933.1;feces;TET"
"tet_protection;KF630147.1;feces;TET"
"tet_protection;KF630176.1;feces;TET"
"tet_protection;KF629039.1;feces;TET"
"tet_protection;GQ343145.1;feces;OXY"
"tet_protection;GQ343146.1;feces;OXY"
"tet_protection;KF628682.1;feces;TET"
"tet_protection;GQ343140.1;feces;MIN"
"tetX;KU547125.1;latrine;TET"
"tetX;KU547176.1;latrine;TET"
"tetX;KU547753.1;latrine;TET"
"tetX;KU545157.1;feces;TET"
"tetX;KU545259.1;feces;TET"
"tetX;KU545301.1;feces;TET"
"tetX;KU545387.1;feces;TET"
"tetX;KU545778.1;feces;TET"
"tetX;KU546493.1;feces;TET"
"tetX;KU546608.1;feces;TET"
"tetX;KU546879.1;feces;TET"
"tetX;KU547431.1;feces;TET"
"tetX;KU548377.1;latrine;TET"
"tetX;KU546940.1;feces;TET"
"tetX;KU547637.1;feces;TET"
"tetX;KU547130.1;latrine;TGC"
"tetX;KU548516.1;soil;TGC"
"tetX;KU544475.1;sewage;TGC"
"tetX;KU545304.1;feces;TGC"
"tetX;KU545478.1;feces;TGC"
"tetX;KU546055.1;feces;TGC"
"tetX;KU546500.1;feces;TGC"
"tetX;KU546626.1;feces;TGC"
"tetX;KU544926.1;feces;TGC"
"tetX;KU548536.1;soil;TGC"
"tetX;KJ694493_1;soil;TET"
"tetX;KJ695595_1;soil;TET"
"tetX;KJ696343_1;soil;TET"
"tetX;KJ695235_1;soil;TET"
"tetX;KJ693557_1;soil;TET"
"tetX;KJ695302_1;soil;TET"
"tetX;KJ695851_1;soil;TET"
"tetX;KJ694463_1;soil;TET"
"tetX;KJ696048_1;soil;TET"
"tetX;KJ695236_1;soil;TET"
"tetX;KJ693683_1;soil;TET"
"van_ligase;GQ343119.1;feces;CYC"
"van_ligase;GQ343123.1;feces;CYC"
"van_ligase;GQ343131.1;feces;CYC"
"van_ligase;GQ343101.1;feces;CYC"
"van_ligase;GQ343133.1;feces;CYC"
"van_ligase;GQ343127.1;feces;CYC"
"van_ligase;GQ343103.1;feces;CYC"
"van_ligase;GQ343105.1;feces;CYC"
"van_ligase;GQ343108.1;feces;CYC"
"van_ligase;GQ343109.1;feces;CYC"
"van_ligase;GQ343114.1;feces;CYC"
"van_ligase;GQ343116.1;feces;CYC"
"van_ligase;GQ343129.1;feces;CYC"
"van_ligase;GQ343113.1;feces;CYC"
"van_ligase;GQ343085.1;feces;CYC"
"van_ligase;GQ343099.1;feces;CYC"
"van_ligase;GQ343100.1;feces;CYC"
"van_ligase;GQ343084.1;feces;CYC"
"van_ligase;GQ343118.1;feces;CYC"
"van_ligase;GQ343092.1;feces;CYC"
"van_ligase;GQ343094.1;feces;CYC"
"van_ligase;GQ343095.1;feces;CYC"
"van_ligase;GQ343097.1;feces;CYC"
"van_ligase;GQ343098.1;feces;CYC"
"van_ligase;GQ343117.1;feces;CYC"
"van_ligase;GQ343104.1;feces;CYC"
"van_ligase;GQ343102.1;feces;CYC"
"van_ligase;GQ343124.1;feces;CYC"
"van_ligase;GQ343126.1;feces;CYC"
"van_ligase;GQ343107.1;feces;CYC"
"van_ligase;GQ343112.1;feces;CYC"
"van_ligase;GQ343087.1;feces;CYC"
"van_ligase;GQ343132.1;feces;CYC"
"van_ligase;GQ343080.1;feces;CYC"
"van_ligase;GQ343081.1;feces;CYC"
"van_ligase;GQ343082.1;feces;CYC"
"van_ligase;GQ343086.1;feces;CYC"
"van_ligase;GQ343115.1;feces;CYC"
